"year","team","conference","rating","ranking","second_order_wins","sos","offense_ranking","offense_rating","offense_success","offense_explosiveness","offense_rushing","offense_passing","offense_standard_downs","offense_passing_downs","offense_run_rate","offense_pace","defense_ranking","defense_rating","defense_success","defense_explosiveness","defense_rushing","defense_passing","defense_standard_downs","defense_passing_downs","defense_havoc_total","defense_havoc_front_seven","defense_havoc_db","special_teams_rating"
2018,"Alabama","SEC",36.3,1,13.8,0.795,2,50.9,136.2,117.6,123.2,132.4,122.9,139.7,0.469,1.2,7,14.2,133.4,98.1,129.3,113.7,120.9,108.9,0.212,0.126,0.087,-0.4
2018,"Georgia","SEC",32.9,2,11.5,0.794,3,45.9,122.6,109.6,116.4,120,114,123.1,0.557,1.9,7,14.2,109,122.3,103.9,123.6,109.5,129.7,0.156,0.099,0.057,1.3
2018,"Clemson","ACC",29.7,3,14,0.912,5,43,119.6,109.5,117.9,112.7,112.1,125,0.45,-1.2,3,12.6,129.2,119.9,131.7,121.8,121.7,128.8,0.21,0.136,0.074,-0.6
2018,"Oklahoma","SEC",24.9,4,11.7,0.909,1,54,130.1,123.3,125.8,129.7,124.3,128.7,0.522,0.3,84,30,95.8,104.3,103.5,96.4,96.5,101.3,0.144,0.085,0.059,1
2018,"LSU","SEC",24.2,5,9.1,0.75,30,34.8,102.6,96.1,96.9,103.5,102,90.9,0.555,-0.2,5,13.4,119.5,112.6,108.8,123,115.5,117.3,0.188,0.097,0.091,2.7
2018,"Ohio State","Big Ten",24.1,6,10.9,0.899,4,44.4,121.4,102.4,101.3,120,109.8,120.9,0.463,-1.1,26,21.2,108.1,89.4,100.3,101.5,100,93.4,0.184,0.122,0.062,0.8
2018,"Auburn","SEC",23.6,7,8.2,0.761,19,36.9,102.3,102.4,97.4,106.1,100,109.8,0.479,-1.3,6,14.1,121.8,99.3,113.9,112.6,110.6,113.1,0.179,0.11,0.069,0.7
2018,"Mississippi State","SEC",23.2,8,8.7,0.791,32,34.6,111.6,95.8,119.1,95.3,104.9,101.8,0.563,2.2,1,10.5,126.4,111.6,117.2,123,114.5,132.4,0.203,0.109,0.093,-0.9
2018,"Florida","SEC",23,9,9.7,0.813,15,38.6,111.1,103.3,110.3,107.2,106.6,106.1,0.552,-0.1,17,17.4,113.2,101.7,106.6,109,111.2,98.9,0.187,0.109,0.077,1.7
2018,"Michigan","Big Ten",22,10,10.3,0.867,25,35.5,113.7,100.3,105.8,113.7,109.2,102.2,0.57,3.2,9,14.3,128.2,94.2,112.4,110,111,113.6,0.186,0.119,0.067,0.9
2018,"Texas A&M","SEC",21.6,11,9,0.761,10,40.3,114.8,101.5,111.5,107.4,106,115.6,0.499,1.8,21,19.8,115.7,89,113.2,100.8,103.7,99.8,0.204,0.121,0.084,1.1
2018,"Missouri","SEC",20.8,12,9.3,0.794,8,41.3,113,102.7,108.4,110,107.3,108.9,0.503,-1.6,24,21,114,99.2,123,100.1,107.6,106.9,0.147,0.084,0.064,0.5
2018,"Notre Dame","FBS Independents",20.7,13,10.3,0.905,32,34.6,104.7,103.1,98,108.6,103.7,103.2,0.516,-2.1,10,14.5,112,116.4,112.6,116.2,110.4,120,0.173,0.103,0.071,0.6
2018,"Washington","Big Ten",19.9,14,10.9,0.88,34,34.5,110.8,97.4,106.4,107.8,105.6,104.4,0.553,1.9,4,12.7,109.9,120.3,119.1,111.8,110.1,120.3,0.159,0.079,0.08,-1.9
2018,"Penn State","Big Ten",19,15,9.7,0.868,35,33.9,107.1,103.3,111.2,101.9,107.7,100,0.536,-2.1,11,14.6,110.8,106.4,106,112.5,106.9,113.9,0.199,0.121,0.077,-0.3
2018,"Fresno State","Pac-12",17.4,16,12.1,0.944,37,33.5,111.3,99.2,96.3,111.3,103.5,111.1,0.455,2.1,12,15.5,121.4,117.6,126.3,114.2,117.3,124.1,0.167,0.088,0.079,-0.6
2018,"Utah","Big 12",16.8,17,9.2,0.887,45,31.9,108.7,97.1,107.4,102.5,104.7,103.1,0.522,-0.3,19,18.1,115.4,101,118.4,104.8,109.2,110.7,0.198,0.131,0.067,3
2018,"UCF","Big 12",16.5,18,10.6,0.954,11,39.9,111.1,105.8,107.3,113,105.1,116,0.567,-6.4,47,25.2,103.6,105.7,105.1,103.3,109.2,95.3,0.193,0.111,0.082,1.8
2018,"Wisconsin","Big Ten",15.5,19,8.7,0.899,12,39.3,121.5,95.6,123.1,98.1,112.2,102.7,0.602,1.2,29,21.6,104,101.6,102.7,102.2,101.8,103.1,0.163,0.098,0.065,-2.3
2018,"South Carolina","SEC",14.9,20,5.8,0.788,21,36.4,101.5,106.2,96.3,108.8,97.9,115.5,0.479,-2.8,40,23.6,93.2,119.5,97.8,106.1,97.6,118.6,0.142,0.085,0.057,2
2018,"Utah State","Pac-12",14.2,21,10,0.956,22,36.3,113.3,110.3,109.8,109.1,109.4,119.1,0.432,-2.7,34,22.5,110.7,107.3,109.3,108.6,105.6,119.5,0.184,0.092,0.091,0.4
2018,"Oklahoma State","Big 12",13.8,22,7.6,0.892,7,42,106.6,105.4,108.3,103.5,104.3,107,0.466,-3.8,71,28.9,105.3,91.9,96.9,101.8,99,102.9,0.153,0.1,0.053,0.7
2018,"Iowa","Big Ten",13.3,23,8.8,0.911,54,30.3,95.2,99.7,86.4,104.6,93.5,102.5,0.504,2.8,18,17.7,107.2,118.6,112.4,109,110.2,112.5,0.174,0.107,0.068,0.7
2018,"West Virginia","Big 12",13.2,24,7.5,0.888,9,41.1,108,116.8,106,111.5,108.4,118.1,0.431,-0.7,76,29.2,97.1,104.3,98.6,99.7,100.2,96.3,0.194,0.103,0.091,1.3
2018,"Kentucky","SEC",13.1,25,7.8,0.806,63,29.5,100.6,93.8,101.7,94.7,98.8,95,0.599,1.5,15,16.3,110.8,107,106.7,110.5,109.8,103.9,0.198,0.124,0.075,-0.1
2018,"Stanford","ACC",13,26,8.4,0.877,26,35.4,106.6,112.5,91.5,115.5,107.4,113.2,0.436,4.7,43,24.3,97.5,99.7,102.2,96.4,97.8,100.3,0.162,0.09,0.073,1.8
2018,"Miami","ACC",12.7,27,8.8,0.922,66,29.3,90.7,104,103.8,89.2,93.9,100.2,0.523,1.1,14,15.8,119,105.8,110.5,118.1,117.2,103.6,0.242,0.164,0.078,-0.8
2018,"Boise State","Pac-12",12.2,28,8.9,0.905,18,37.1,119.6,98,112.1,108.2,108.3,114.3,0.475,1.3,37,22.8,109.3,97.7,104.4,105.2,100.8,106,0.166,0.107,0.059,-2
2018,"App State","Sun Belt",11.9,29,11,0.961,56,30,98.9,104.4,100.9,103,98.6,111.2,0.595,0.8,20,19,120.1,116.1,120.2,118.8,118.1,121.3,0.183,0.112,0.071,1
2018,"Michigan State","Big Ten",11.5,30,7.5,0.867,111,22,88.1,92.9,88.8,89.5,90.5,86.8,0.459,2.1,2,10.8,125,109.8,136.8,112.4,113.9,130.4,0.207,0.14,0.067,0.3
2018,"Texas","SEC",11.3,31,8.3,0.865,27,35.3,105.3,92,94.2,104,99.5,99,0.508,0.6,44,24.4,104.4,106.9,107.2,104.1,104.3,109.6,0.177,0.085,0.092,0.4
2018,"Washington State","Pac-12",11.3,31,9.7,0.903,13,38.8,114.9,100.6,101.9,106.1,106.9,111.1,0.272,5.1,59,27.3,100.8,99.8,94.2,106.1,99.4,105.6,0.18,0.114,0.066,-0.2
2018,"Ole Miss","SEC",9.8,33,5.9,0.786,6,42.1,114.2,113.7,111.6,112.7,113.5,112.8,0.414,-1.9,90,31.2,93.2,98.1,92.1,96.3,93,98.5,0.163,0.095,0.069,-1.2
2018,"USC","Big Ten",9.7,34,7,0.892,46,31.7,99,104.2,97.3,102.3,101,101.1,0.464,1.5,34,22.5,111.9,94.4,102,105.7,105.4,99.7,0.179,0.104,0.075,0.5
2018,"NC State","ACC",9.4,35,8.3,0.917,29,35.1,117.9,93,98.4,111.1,103.9,110.8,0.461,1.8,54,26.7,103,94.2,105.3,98.6,102,97,0.182,0.108,0.073,1.1
2018,"Memphis","American Athletic",9.2,36,9.6,0.931,13,38.8,108.8,109.3,119.5,99.4,109.1,105.9,0.561,-2.6,87,30.5,99.8,97,104.5,95.3,101.3,94.4,0.168,0.109,0.059,0.8
2018,"Texas Tech","Big 12",8.7,37,6.2,0.885,23,36.2,107.5,93.5,94,102.4,101.5,105,0.404,-1.5,80,29.8,102.5,99.5,105.5,98.6,101.1,98.4,0.159,0.079,0.08,2.4
2018,"Iowa State","Big 12",7.9,38,8.1,0.885,57,29.9,98.4,106.4,93.3,109.1,101.1,101.4,0.526,1.4,28,21.5,106.5,110.5,107.6,108.8,110.6,102.5,0.17,0.101,0.069,-0.4
2018,"Vanderbilt","SEC",7.6,39,7.1,0.812,24,35.6,103.1,109.7,108.9,102.6,103.7,112.7,0.466,3.6,57,27.1,95,106.8,92.8,104.6,99,101.3,0.154,0.083,0.071,-0.9
2018,"Syracuse","ACC",7.5,40,8.5,0.898,44,32.1,104,97.8,103,102.6,99.1,107.6,0.5,-3.5,60,27.4,108.1,94.6,102.3,103.3,98.5,112,0.167,0.104,0.064,2.8
2018,"Oregon","Big Ten",7.3,41,7.6,0.909,31,34.7,99.9,102.7,99.5,103.6,96.5,113,0.516,-2.8,50,25.8,101.3,99.9,102.2,99.6,99.1,108.3,0.181,0.107,0.074,-1.7
2018,"Virginia","ACC",7.1,42,8.9,0.941,61,29.7,100.5,93.3,92.8,101.4,103.1,80.9,0.52,3.5,31,22,115.8,100.9,108,109.5,108.1,112.7,0.19,0.085,0.105,-0.6
2018,"TCU","Big 12",6.9,43,7.1,0.865,91,25.7,93.3,92.5,96.3,92.3,95,96.1,0.526,1.2,16,16.9,118,106.7,110,113.8,114.4,108.7,0.168,0.094,0.075,-1.8
2018,"Purdue","Big Ten",6.5,44,7.5,0.867,17,37.2,107.6,114.5,106.2,108.3,109.9,107.8,0.378,1.7,88,30.8,97,98,102.4,95.3,95.1,100.1,0.121,0.067,0.054,0
2018,"Minnesota","Big Ten",6.3,45,6.9,0.884,75,28.2,100.6,98.4,97.6,104.1,99.4,101.7,0.558,2.3,37,22.8,107,92.2,98.3,104.3,101.6,97.9,0.16,0.089,0.071,1
2018,"BYU","Big 12",6.2,46,8.1,0.896,72,28.9,108.3,94.2,104.9,100.3,105.6,96.6,0.516,1.9,33,22.3,104,125.7,110,112.8,109.8,117.6,0.12,0.084,0.037,-0.4
2018,"San Diego State","Pac-12",6,47,7.6,0.934,92,25.6,90,100.5,95.2,96.5,97.7,85.1,0.613,1.5,24,21,112.9,106.7,119.9,103.7,113.4,104.1,0.155,0.071,0.084,1.4
2018,"Tennessee","SEC",5.5,48,4.3,0.759,38,33.4,92.2,110.6,93.4,104.7,97.3,104.5,0.541,3.1,71,28.9,93.5,109.4,101.1,97.4,97.5,106.3,0.144,0.086,0.058,1
2018,"Cincinnati","Big 12",5.4,49,9.6,0.955,74,28.3,100.1,93.5,100.1,95.3,94.2,102.7,0.562,-0.2,36,22.6,123.8,101.2,123,108.2,113.4,105.4,0.189,0.12,0.069,-0.4
2018,"Nebraska","Big Ten",5.4,49,6.7,0.868,42,32.7,115.2,99.5,118,102.1,108.9,109.2,0.495,-2.3,55,26.9,96.8,98.8,91.8,102.4,100.5,93.1,0.162,0.086,0.076,-0.4
2018,"Duke","ACC",5,51,6.8,0.901,52,30.5,101.7,100.5,98.5,102.2,103.3,94.5,0.447,-2.1,46,25,106.8,98.1,102.1,107.1,106.3,97.4,0.142,0.078,0.064,-0.5
2018,"Arizona State","Big 12",5,51,6.3,0.892,35,33.9,108.4,102.3,110.6,103,105.9,101.5,0.524,-0.1,86,30.4,90,107.6,93.1,97.4,95.5,102.1,0.17,0.098,0.073,1.5
2018,"Arkansas","SEC",4.5,53,3.4,0.777,61,29.7,89.9,92.8,96.4,88.4,90,94.1,0.516,0.9,49,25.7,95.6,104.4,102.5,95.4,99.3,96.8,0.156,0.12,0.036,0.5
2018,"Ohio","Mid-American",4,54,8.9,0.974,16,38.2,124.8,106.7,122.1,113.1,117.6,110,0.579,2.8,107,35,93.1,93.3,95.1,93.2,94.3,92.2,0.192,0.106,0.086,0.8
2018,"California","ACC",3.9,55,6.5,0.909,118,18.3,93.7,84.3,94.7,85.8,91.8,85.9,0.496,0.6,13,15.6,111.5,118.9,109.8,115,111.8,119.2,0.173,0.104,0.068,1.2
2018,"Virginia Tech","ACC",3.9,55,5.7,0.921,41,32.8,106.5,101.6,101,108.2,105.6,106.3,0.515,-0.7,77,29.4,101,86.2,91.5,98.2,97.1,88.8,0.146,0.083,0.062,0.4
2018,"Wake Forest","ACC",3.6,57,7.4,0.89,48,31.2,101,89.5,97.5,95.6,97.2,92.4,0.517,-5.6,64,28.1,103,103.7,107.6,101.6,104,99.8,0.148,0.082,0.066,0.5
2018,"Arizona","Big 12",3.6,57,5.3,0.918,43,32.3,94.3,108.4,96.4,103.1,99.7,100.6,0.535,-2.7,73,29,99.6,95.6,100.3,96.4,98.3,99.7,0.155,0.085,0.07,0.3
2018,"Maryland","Big Ten",3,59,5.3,0.861,80,27.6,92.3,120.8,110.9,99.9,101,113.8,0.62,1,51,25.9,100.4,103,97.5,101,100.2,101.2,0.134,0.058,0.077,1.3
2018,"Temple","American Athletic",2.9,60,8.5,0.951,76,28.1,104.7,100.1,96.5,106.1,100.2,111.4,0.491,-1.4,42,23.9,105.8,118.8,105.5,116.6,112.7,106.1,0.156,0.08,0.076,-1.3
2018,"Pittsburgh","ACC",2.7,61,6.8,0.849,71,29,100.7,106.7,115.4,92.1,103.5,101.9,0.612,3.6,53,26.6,106.1,96.3,100.4,102.7,101.2,102.4,0.175,0.103,0.073,0.4
2018,"Troy","Sun Belt",2.6,62,8.8,0.961,89,26.4,91.6,108.5,93.7,101.4,101.2,105.3,0.526,1.5,48,25.6,108.3,109.7,115.7,104.9,109.4,107,0.196,0.12,0.077,1.8
2018,"Boston College","ACC",2.4,63,6.2,0.896,87,26.5,91.7,99.5,90.2,104.1,96.4,93.4,0.611,-4.5,32,22.1,103.9,104.9,104.7,103.3,102.1,111.4,0.168,0.103,0.065,-1.9
2018,"Houston","Big 12",2.3,64,8.1,0.961,20,36.7,102.6,116.1,108.6,107.3,105.7,113.4,0.495,-5.9,106,34.9,92.3,102.6,97.2,95.7,96.1,98.5,0.156,0.102,0.053,0.6
2018,"North Texas","American Athletic",2.1,65,9.8,0.981,67,29.2,107,102.5,105.3,102.2,106.3,100.2,0.433,1.1,78,29.5,100.6,96.4,101.1,97.4,98.2,100.7,0.184,0.107,0.077,2.4
2018,"Baylor","Big 12",2,66,6.9,0.889,39,33.1,103.7,96.6,106.6,97.2,101.2,99.2,0.476,0.9,85,30.3,103.1,87.9,94.5,98.1,97,94.6,0.14,0.087,0.053,-0.8
2018,"Toledo","Mid-American",2,66,7.1,0.953,28,35.2,109.1,108.5,115.2,103.5,111,100.1,0.535,-1.3,102,34.4,90.7,94.6,88.6,96,93,91.2,0.173,0.103,0.071,1.1
2018,"Wyoming","Mountain West",1.9,68,6.3,0.907,95,25.1,86.9,96.6,103.2,78.9,93.4,90.9,0.616,0.8,41,23.7,108,114.3,102.9,115.4,108.1,111.3,0.165,0.115,0.05,0.4
2018,"Northwestern","Big Ten",1.9,68,6.2,0.854,93,25.5,95.7,90.8,87.9,97.2,94.6,92.6,0.465,-0.6,29,21.6,104.1,102.2,113.3,99,102.9,104.8,0.166,0.103,0.063,-2
2018,"Indiana","Big Ten",1.6,70,4.7,0.861,55,30.2,108.8,91.6,101.6,99.7,100.3,103.6,0.433,-1.4,75,29.1,96.3,98.2,100.1,93.7,98.7,92.5,0.151,0.082,0.069,0.4
2018,"Florida State","ACC",1.4,71,4.4,0.85,97,25,85,115.1,88.6,102.9,98.1,98.3,0.464,-0.6,37,22.8,110,103.1,110,104.2,108,103.2,0.157,0.101,0.057,-0.8
2018,"Arkansas State","Sun Belt",1.2,72,8.7,0.926,57,29.9,104.5,93.9,99.9,99,101.9,95.5,0.489,-1.1,62,27.9,111,93.7,99.7,106.4,105.3,97.5,0.193,0.111,0.082,-0.8
2018,"Marshall","Sun Belt",1,73,9.2,0.971,111,22,99.3,99.7,100,98.5,100.7,95.2,0.498,0.4,22,20.5,117,98.3,115.2,104.7,109.9,99.9,0.189,0.121,0.068,-0.5
2018,"Georgia Tech","ACC",0.3,74,5.8,0.864,40,33,119.7,87.7,108.4,119.2,107.6,99.1,0.832,-0.9,100,33.9,83.6,108.7,94.6,90.4,97.3,85.9,0.128,0.058,0.071,1.2
2018,"UAB","American Athletic",-0.3,75,10.1,0.961,104,24.1,106.2,98.2,103.9,109.3,96.6,117.2,0.603,1.3,44,24.4,118.3,90.3,107.3,104.1,108.1,98.2,0.203,0.14,0.063,0
2018,"UCLA","Big Ten",-0.4,76,3.3,0.844,50,30.7,105.5,101.2,107.8,101.4,105,100.4,0.509,-2,97,32.4,92.5,105.2,97.1,95.9,99,93.8,0.138,0.085,0.053,1.3
2018,"Nevada","Mountain West",-0.5,77,6.5,0.94,82,27.5,93.5,100.2,95.6,94,95.6,99.4,0.444,0.4,63,28,110,101,115.3,102.3,106.2,104.8,0.174,0.103,0.071,0.1
2018,"Kansas State","Big 12",-0.5,77,5.6,0.863,84,27.2,97.2,90.2,100.6,90.9,91.1,99.4,0.596,1.7,61,27.5,89.4,108.1,94.4,99.4,92.4,109.2,0.134,0.077,0.058,-0.2
2018,"Miami (OH)","Mid-American",-0.7,79,5.9,0.966,90,26.2,96,101.6,97.1,97.3,100.6,90.2,0.502,1.3,66,28.4,103,103.6,103.7,102.7,102.7,103.8,0.155,0.085,0.071,1.5
2018,"Colorado","Big 12",-0.7,79,5.4,0.904,85,27,87.6,108.1,90.6,97.3,92.5,104.2,0.454,-0.6,58,27.2,106.1,101.7,109.1,99.2,105.3,98.7,0.145,0.102,0.042,-0.5
2018,"Florida Atlantic","American Athletic",-0.8,81,6.6,0.931,49,30.8,105.4,106.6,107.4,105.4,108.9,100.5,0.588,-3.9,82,29.9,98.9,100.5,100.7,98.3,97.2,107.5,0.142,0.073,0.069,-1.8
2018,"Buffalo","Mid-American",-1.1,82,9.5,0.974,47,31.3,106.5,109.9,103.3,113.5,102.6,120.7,0.539,0.2,82,29.9,101,96.9,100.2,97.6,100.9,98.3,0.159,0.103,0.056,-2.5
2018,"South Florida","American Athletic",-1.2,83,6.7,0.955,69,29.1,94.8,102,100.2,94.6,97.9,99.8,0.518,-3.3,80,29.8,102.5,96.8,97.1,103.2,98.8,102.7,0.15,0.087,0.062,-0.5
2018,"Army","American Athletic",-1.5,84,8.1,0.942,65,29.4,102,83,97.3,125.8,94.8,90.5,0.874,1.1,68,28.7,100.4,101.2,103.6,100.8,96.6,110.3,0.189,0.081,0.108,-2.2
2018,"Air Force","Mountain West",-1.8,85,6.1,0.945,67,29.2,111,89.3,105.2,115.6,100.7,107.7,0.773,-2.1,90,31.2,102.8,85.6,112.8,86.2,99.7,88.2,0.152,0.099,0.053,0.2
2018,"Eastern Michigan","Mid-American",-2,86,8.5,0.97,93,25.5,94.1,102.9,94.9,99,96.1,103.4,0.504,0.7,52,26.1,101.9,113.7,102.1,110.4,103.8,109.4,0.158,0.094,0.063,-1.5
2018,"Georgia Southern","Sun Belt",-2.4,87,7.9,0.934,78,27.9,96.8,99,100.9,104.8,97.7,97.2,0.807,2.3,92,31.6,94.1,114.1,104.5,99.7,97.9,116.1,0.156,0.083,0.073,1.4
2018,"North Carolina","ACC",-2.5,88,3.8,0.926,57,29.9,98.4,104.5,106.3,95.9,100.8,101.7,0.474,-1.8,94,31.9,99,94.4,94.1,99.6,95.6,101.5,0.171,0.114,0.058,-0.5
2018,"Northern Illinois","Mountain West",-2.7,89,7.4,0.939,117,19.1,97.1,84.3,98.2,85.5,92.5,93.7,0.546,-2.7,23,20.8,116.7,100.4,126,102.4,116.4,98.1,0.163,0.12,0.043,-1
2018,"Tulane","American Athletic",-3.5,90,6.6,0.931,106,23.8,88,109,98.2,101.1,97.5,95.7,0.642,0.2,65,28.3,113,91.9,107.2,101.5,103.8,99.5,0.191,0.094,0.097,0.9
2018,"Middle Tennessee","Conference USA",-3.8,91,8.3,0.919,103,24.4,100.2,102.1,97.2,101.6,100.1,104.6,0.443,0.9,68,28.7,107.2,100.6,104,105,105.8,101.7,0.178,0.106,0.073,0.5
2018,"Southern Miss","Sun Belt",-5,92,6.2,0.951,122,16.6,93.1,92.9,87.1,94.2,93.2,92.2,0.452,2.5,27,21.4,119.1,98.6,116.7,106.3,109.1,106.5,0.185,0.095,0.089,-0.3
2018,"SMU","ACC",-5.4,93,4.9,0.916,105,24,85.8,101.3,87.9,91.5,92.9,90.8,0.445,-1.5,79,29.7,100.1,105,103.6,100.5,103.8,99.9,0.158,0.104,0.053,0.3
2018,"Louisiana","Sun Belt",-6.9,94,7,0.889,52,30.5,104.6,112.2,109.6,107.7,106.1,110.5,0.567,-0.1,116,38.9,93,104.6,99.6,91.6,97.7,98,0.12,0.07,0.049,1.5
2018,"Louisiana Tech","Conference USA",-6.9,94,7.1,0.925,111,22,98.4,93,98.4,93.9,95.1,100.7,0.44,1.4,56,27,103,103.4,96.1,108.1,100.8,106.9,0.184,0.097,0.087,-1.8
2018,"Florida International","Conference USA",-7.4,96,7.4,0.971,86,26.7,96.9,99.9,94.9,100.5,97.6,98,0.529,2.2,104,34.7,89.4,109.5,91.8,99.7,95.4,101.9,0.151,0.082,0.069,0.6
2018,"Illinois","Big Ten",-7.9,97,3.9,0.909,69,29.1,105.7,102.9,117.4,92.8,107.8,97.4,0.566,-1.4,115,38.6,81.6,93.7,86.3,85.2,86.1,88.7,0.15,0.091,0.059,1.5
2018,"Louisville","ACC",-9.1,98,1.7,0.844,101,24.5,94.6,97.2,104.8,88.3,99.3,89.5,0.483,1.9,99,33.6,81,100.8,84.1,91.5,87.8,92.1,0.091,0.062,0.03,0
2018,"New Mexico","Mountain West",-9.5,99,4,0.917,106,23.8,93.3,84.3,92.8,91.9,90,89.8,0.613,-2.1,109,35.7,93.2,89.6,92.3,89.9,94,89.1,0.14,0.076,0.064,2.4
2018,"Kansas","Big 12",-10,100,2.8,0.89,114,21.9,86.8,95.3,98.4,84.1,92,89.7,0.489,1.2,94,31.9,94.3,100.6,98.2,94.9,99,92.3,0.147,0.086,0.061,0
2018,"Navy","American Athletic",-10.2,101,3.4,0.921,82,27.5,94.3,88.9,98.2,103.2,97.9,80.3,0.847,-0.5,114,38.3,90.7,98.7,98.9,90.3,92.4,98.2,0.106,0.057,0.048,0.6
2018,"Colorado State","Pac-12",-10.3,102,3.6,0.918,80,27.6,96.6,99.1,82.5,100,98.4,93.7,0.416,1.4,110,36.7,85.1,97.6,88.6,90.3,88.9,92.6,0.145,0.079,0.066,-1.2
2018,"Hawai'i","Mountain West",-10.4,103,7.2,0.941,63,29.5,104,106.8,95.5,104.4,106.1,104.3,0.396,2,118,39.5,88.2,93,90.3,89.5,91.6,86.3,0.134,0.086,0.048,-0.4
2018,"Western Michigan","Mid-American",-10.7,104,6.4,0.944,60,29.8,105.1,97.7,97.6,107,104.5,91.9,0.56,1,112,37.4,95.6,82.6,97.4,84.5,94.6,81.7,0.173,0.126,0.047,-3.1
2018,"UL Monroe","Sun Belt",-10.9,105,5.4,0.946,87,26.5,107.8,102.7,107.7,102.7,110,93.1,0.487,-0.2,108,35.4,91.9,102.8,100.3,93.2,96,97.9,0.169,0.106,0.064,-2
2018,"UNLV","Mountain West",-11.1,106,4.1,0.934,50,30.7,100,98.4,114.8,86.9,101.9,92.7,0.592,-2.1,116,38.9,93.2,87.8,90.2,91.8,94.2,84.6,0.144,0.094,0.05,-2.9
2018,"Tulsa","American Athletic",-11.2,107,4.4,0.949,109,22.9,96,86.4,94.8,92.2,91.4,95.1,0.605,-3.9,96,32.3,95.1,108.4,96.8,102.7,100,102.4,0.138,0.084,0.054,-1.7
2018,"Rutgers","Big Ten",-12.3,108,1.8,0.869,123,15,71.8,87,87.3,70.7,79,79.1,0.527,1.4,67,28.5,97.3,100.8,96.6,100.8,101.6,93.1,0.154,0.083,0.071,1.2
2018,"Old Dominion","Sun Belt",-14.1,109,4.1,0.977,98,24.9,101.6,94,88.1,100.5,98.6,100.8,0.41,-0.9,119,39.7,89.6,95.4,88.5,94.6,95.4,85.8,0.148,0.091,0.057,0.7
2018,"East Carolina","American Athletic",-14.9,110,3.8,0.936,118,18.3,85,98.8,85.6,90.7,86.1,96.9,0.395,-1.5,101,34.2,106.4,88,106.4,93,97.6,99.5,0.185,0.12,0.065,1
2018,"Oregon State","Pac-12",-16,111,1.8,0.875,73,28.8,100.2,101.6,102.5,97.8,102.5,96.6,0.466,-1.5,126,43.4,78.5,90.6,73.9,90.6,84.2,81.4,0.111,0.07,0.04,-1.3
2018,"Massachusetts","Mid-American",-16.1,112,4,0.926,79,27.8,94,102.5,88.6,102.5,99.3,93.7,0.446,-0.7,124,42.2,84.2,88.1,85.4,84.5,88.3,79.6,0.124,0.08,0.045,-1.7
2018,"Western Kentucky","Conference USA",-16.1,112,4.2,0.968,120,17.9,95,89.1,96.1,89.5,91.8,97.7,0.47,-0.5,93,31.8,93.3,102.4,91.3,100.9,94.8,101.8,0.162,0.086,0.077,-2.2
2018,"Texas State","Pac-12",-16.4,114,6.1,0.972,126,14.9,83.1,97,91.4,85.9,89.4,88.8,0.547,-0.2,73,29,108,105.8,108.3,105.5,109.8,102.3,0.146,0.095,0.051,-2.2
2018,"San José State","Mountain West",-17.1,115,2,0.923,121,17.3,81,98.9,71.6,91.8,91,88.1,0.406,0,104,34.7,97.7,101,100.9,94.1,103,90.5,0.131,0.068,0.063,0.2
2018,"Coastal Carolina","Sun Belt",-17.2,116,3.5,0.952,76,28.1,103.8,90.3,103.1,95.4,94.2,107.8,0.608,2.8,129,45.7,85.9,87.2,79.3,94,87.1,86.5,0.142,0.087,0.055,0.4
2018,"South Alabama","Sun Belt",-17.7,117,3.3,0.946,101,24.5,91.5,98.7,85.7,102.8,97.6,86.4,0.581,0.1,123,42,93.3,89.5,96.8,87.9,91.1,94.3,0.137,0.074,0.063,-0.3
2018,"Charlotte","American Athletic",-18.5,118,3.6,0.963,123,15,91.8,86.2,92.7,88,91,84.5,0.593,3.3,98,33.5,98.7,99.8,111.7,91.7,103.1,92.7,0.163,0.116,0.047,0
2018,"Ball State","Mid-American",-18.9,119,3.1,0.95,110,22.5,100.9,86.7,94.3,93.3,91.1,101.1,0.461,-2.7,120,40.2,80.7,106.6,88.1,90.3,92.4,85.2,0.137,0.101,0.036,-1.2
2018,"Akron","Mid-American",-19.3,120,2.9,0.952,128,11.9,76.9,99.8,78.5,89.3,85.9,89.3,0.467,1.6,89,31,93.6,103.8,92.2,101.8,97,96.8,0.154,0.11,0.045,-0.2
2018,"Liberty","Conference USA",-19.7,121,4.4,0.947,95,25.1,92.4,93.6,86.9,96.3,93,90.7,0.482,-2.4,122,41.7,89,100.6,87.8,97,90.3,109.7,0.143,0.074,0.069,-3.1
2018,"Central Michigan","Mid-American",-20,122,2.3,0.958,130,9,76.8,82.1,85.3,76.3,84.4,72.8,0.537,-1.9,68,28.7,100.1,103.9,95.1,106.7,98.8,108.2,0.159,0.106,0.053,-0.3
2018,"New Mexico State","Conference USA",-20.2,123,2.6,0.959,116,19.2,85.4,98.4,95.9,85.5,91.1,92.4,0.366,-2.6,113,38,90.7,101.6,93.2,95.9,96.8,91.1,0.131,0.095,0.036,-1.4
2018,"Georgia State","Sun Belt",-20.4,124,2.8,0.951,108,23.6,96.9,96.2,104.2,91,96.2,98.2,0.546,1.1,127,43.6,90,84.3,89.3,86.1,87.5,90.2,0.1,0.063,0.038,-0.4
2018,"Kent State","Mid-American",-20.4,124,2.9,0.945,115,20.5,82.7,98.1,88.7,87.8,88.9,92.2,0.493,-3.5,121,40.3,92.8,93.8,94.5,91.5,94.8,91.2,0.124,0.065,0.059,-0.6
2018,"Bowling Green","Mid-American",-22,126,2.4,0.965,99,24.7,91.4,101.4,89.8,96.3,93.6,98.8,0.474,0.8,128,43.9,84.8,100.4,87.1,92.8,90.6,92.8,0.101,0.049,0.052,-2.8
2018,"UTSA","American Athletic",-22.1,127,1.8,0.968,129,11.1,81.6,80,86.1,76.7,84.4,74.1,0.453,2.1,102,34.4,93.3,90.8,102.5,86.2,93.1,92.4,0.157,0.086,0.072,1.2
2018,"Rice","American Athletic",-26.4,128,1.5,0.948,123,15,75.5,100.9,79.2,90,85.8,87.8,0.551,3.7,125,42.5,89.6,87.7,92.4,86.8,90.8,86.5,0.132,0.064,0.068,1.1
2018,"UConn","FBS Independents",-26.4,128,0.4,0.932,99,24.7,95,92.4,98.2,88.6,98.1,83.4,0.568,0.6,130,51.9,75.2,80.7,74.4,79.6,77,80.4,0.1,0.069,0.031,0.9
2018,"UTEP","Mountain West",-26.6,130,3.2,0.977,127,12.1,86.2,92.6,92.3,89.3,90.5,89.7,0.55,2.6,111,37.1,91.7,94.8,91,92.4,90.5,100.3,0.141,0.074,0.066,-1.6
2018,"nationalAverages",NA,1.44307692307692,NA,6.69384615384615,0.905330769230769,NA,29.3476923076923,100.703846153846,99.7546153846154,100.183076923077,100.450769230769,100.095384615385,100.670769230769,0.519676923076923,0,NA,27.9069230769231,102.149230769231,101.156923076923,102.385384615385,101.171538461538,101.455384615385,101.672307692308,0.161030769230769,0.0955384615384615,0.0655846153846154,0.000769230769230769
2019,"Ohio State","Big Ten",35.4,1,NA,NA,4,44.4,NA,NA,NA,NA,NA,NA,NA,NA,2,10.6,NA,NA,NA,NA,NA,NA,NA,NA,NA,1.6
2019,"LSU","SEC",33.1,2,NA,NA,1,48.9,NA,NA,NA,NA,NA,NA,NA,NA,20,17.7,NA,NA,NA,NA,NA,NA,NA,NA,NA,1.9
2019,"Alabama","SEC",32.4,3,NA,NA,2,47.7,NA,NA,NA,NA,NA,NA,NA,NA,3,14.6,NA,NA,NA,NA,NA,NA,NA,NA,NA,-0.7
2019,"Clemson","ACC",28.1,4,NA,NA,5,43.5,NA,NA,NA,NA,NA,NA,NA,NA,3,14.6,NA,NA,NA,NA,NA,NA,NA,NA,NA,-0.7
2019,"Georgia","SEC",26.8,5,NA,NA,32,34.2,NA,NA,NA,NA,NA,NA,NA,NA,1,10,NA,NA,NA,NA,NA,NA,NA,NA,NA,2.6
2019,"Penn State","Big Ten",24.3,6,NA,NA,13,37.5,NA,NA,NA,NA,NA,NA,NA,NA,10,15.7,NA,NA,NA,NA,NA,NA,NA,NA,NA,2.5
2019,"Florida","SEC",24,7,NA,NA,11,37.8,NA,NA,NA,NA,NA,NA,NA,NA,7,15.5,NA,NA,NA,NA,NA,NA,NA,NA,NA,1.7
2019,"Oklahoma","SEC",22.9,8,NA,NA,3,46.1,NA,NA,NA,NA,NA,NA,NA,NA,47,24.9,NA,NA,NA,NA,NA,NA,NA,NA,NA,1.7
2019,"Auburn","SEC",21,9,NA,NA,34,33.9,NA,NA,NA,NA,NA,NA,NA,NA,5,14.9,NA,NA,NA,NA,NA,NA,NA,NA,NA,2
2019,"Michigan","Big Ten",20.7,10,NA,NA,21,35.7,NA,NA,NA,NA,NA,NA,NA,NA,11,16,NA,NA,NA,NA,NA,NA,NA,NA,NA,1
2019,"Wisconsin","Big Ten",20.3,11,NA,NA,12,37.7,NA,NA,NA,NA,NA,NA,NA,NA,14,16.4,NA,NA,NA,NA,NA,NA,NA,NA,NA,-0.9
2019,"Utah","Big 12",19.5,12,NA,NA,16,36.5,NA,NA,NA,NA,NA,NA,NA,NA,16,17,NA,NA,NA,NA,NA,NA,NA,NA,NA,-0.1
2019,"Minnesota","Big Ten",19.4,13,NA,NA,7,39.8,NA,NA,NA,NA,NA,NA,NA,NA,26,19.6,NA,NA,NA,NA,NA,NA,NA,NA,NA,-0.7
2019,"UCF","Big 12",19.1,14,NA,NA,14,37.3,NA,NA,NA,NA,NA,NA,NA,NA,21,18.1,NA,NA,NA,NA,NA,NA,NA,NA,NA,-0.1
2019,"Oregon","Big Ten",19,15,NA,NA,22,35.6,NA,NA,NA,NA,NA,NA,NA,NA,7,15.5,NA,NA,NA,NA,NA,NA,NA,NA,NA,-1.1
2019,"Washington","Big Ten",18.3,16,NA,NA,24,35.3,NA,NA,NA,NA,NA,NA,NA,NA,24,19.5,NA,NA,NA,NA,NA,NA,NA,NA,NA,2.5
2019,"Memphis","American Athletic",18,17,NA,NA,8,39.5,NA,NA,NA,NA,NA,NA,NA,NA,39,23.4,NA,NA,NA,NA,NA,NA,NA,NA,NA,1.9
2019,"Baylor","Big 12",17.8,18,NA,NA,27,34.7,NA,NA,NA,NA,NA,NA,NA,NA,18,17.3,NA,NA,NA,NA,NA,NA,NA,NA,NA,0.5
2019,"Notre Dame","FBS Independents",17.7,19,NA,NA,20,35.8,NA,NA,NA,NA,NA,NA,NA,NA,22,18.5,NA,NA,NA,NA,NA,NA,NA,NA,NA,0.4
2019,"Iowa","Big Ten",16.7,20,NA,NA,53,30,NA,NA,NA,NA,NA,NA,NA,NA,6,15.2,NA,NA,NA,NA,NA,NA,NA,NA,NA,1.8
2019,"Texas A&M","SEC",15,21,NA,NA,33,34,NA,NA,NA,NA,NA,NA,NA,NA,23,19.4,NA,NA,NA,NA,NA,NA,NA,NA,NA,0.5
2019,"USC","Big Ten",13.1,22,NA,NA,9,39,NA,NA,NA,NA,NA,NA,NA,NA,59,26.7,NA,NA,NA,NA,NA,NA,NA,NA,NA,0.8
2019,"Indiana","Big Ten",12.8,23,NA,NA,22,35.6,NA,NA,NA,NA,NA,NA,NA,NA,41,23.8,NA,NA,NA,NA,NA,NA,NA,NA,NA,1
2019,"Iowa State","Big 12",12.6,24,NA,NA,42,31.8,NA,NA,NA,NA,NA,NA,NA,NA,24,19.5,NA,NA,NA,NA,NA,NA,NA,NA,NA,0.3
2019,"Air Force","Mountain West",12.1,25,NA,NA,17,36.2,NA,NA,NA,NA,NA,NA,NA,NA,53,25.8,NA,NA,NA,NA,NA,NA,NA,NA,NA,1.7
2019,"Texas","SEC",12,26,NA,NA,10,38.7,NA,NA,NA,NA,NA,NA,NA,NA,67,28.5,NA,NA,NA,NA,NA,NA,NA,NA,NA,1.8
2019,"App State","Sun Belt",11.3,27,NA,NA,31,34.3,NA,NA,NA,NA,NA,NA,NA,NA,37,23.2,NA,NA,NA,NA,NA,NA,NA,NA,NA,0.2
2019,"Washington State","Pac-12",11.1,28,NA,NA,6,41.7,NA,NA,NA,NA,NA,NA,NA,NA,95,33.1,NA,NA,NA,NA,NA,NA,NA,NA,NA,2.4
2019,"Tennessee","SEC",10.8,29,NA,NA,73,27.8,NA,NA,NA,NA,NA,NA,NA,NA,19,17.4,NA,NA,NA,NA,NA,NA,NA,NA,NA,0.3
2019,"North Carolina","ACC",10.3,30,NA,NA,25,35.1,NA,NA,NA,NA,NA,NA,NA,NA,43,24.6,NA,NA,NA,NA,NA,NA,NA,NA,NA,-0.3
2019,"Navy","American Athletic",9.9,31,NA,NA,18,36,NA,NA,NA,NA,NA,NA,NA,NA,52,25.5,NA,NA,NA,NA,NA,NA,NA,NA,NA,-0.7
2019,"Miami","ACC",9.6,32,NA,NA,80,26,NA,NA,NA,NA,NA,NA,NA,NA,9,15.6,NA,NA,NA,NA,NA,NA,NA,NA,NA,-0.9
2019,"Louisiana","Sun Belt",9.6,32,NA,NA,15,36.7,NA,NA,NA,NA,NA,NA,NA,NA,65,28.3,NA,NA,NA,NA,NA,NA,NA,NA,NA,1.1
2019,"Cincinnati","Big 12",9.1,34,NA,NA,64,29.1,NA,NA,NA,NA,NA,NA,NA,NA,31,21.1,NA,NA,NA,NA,NA,NA,NA,NA,NA,1.1
2019,"Kentucky","SEC",9.1,34,NA,NA,49,30.1,NA,NA,NA,NA,NA,NA,NA,NA,34,22.2,NA,NA,NA,NA,NA,NA,NA,NA,NA,1.2
2019,"Oklahoma State","Big 12",8.7,36,NA,NA,26,35,NA,NA,NA,NA,NA,NA,NA,NA,56,26.2,NA,NA,NA,NA,NA,NA,NA,NA,NA,-0.1
2019,"Boise State","Pac-12",8.1,37,NA,NA,38,32.9,NA,NA,NA,NA,NA,NA,NA,NA,48,25,NA,NA,NA,NA,NA,NA,NA,NA,NA,0.2
2019,"Virginia Tech","ACC",8,38,NA,NA,54,29.9,NA,NA,NA,NA,NA,NA,NA,NA,38,23.3,NA,NA,NA,NA,NA,NA,NA,NA,NA,1.4
2019,"Missouri","SEC",7.8,39,NA,NA,89,24.5,NA,NA,NA,NA,NA,NA,NA,NA,17,17.1,NA,NA,NA,NA,NA,NA,NA,NA,NA,0.4
2019,"Tulane","American Athletic",7.5,40,NA,NA,36,33.1,NA,NA,NA,NA,NA,NA,NA,NA,55,25.9,NA,NA,NA,NA,NA,NA,NA,NA,NA,0.3
2019,"Michigan State","Big Ten",7.2,41,NA,NA,91,24.4,NA,NA,NA,NA,NA,NA,NA,NA,13,16.1,NA,NA,NA,NA,NA,NA,NA,NA,NA,-1.1
2019,"TCU","Big 12",6.7,42,NA,NA,65,28.8,NA,NA,NA,NA,NA,NA,NA,NA,35,22.9,NA,NA,NA,NA,NA,NA,NA,NA,NA,0.8
2019,"Virginia","ACC",6.3,43,NA,NA,47,30.4,NA,NA,NA,NA,NA,NA,NA,NA,50,25.2,NA,NA,NA,NA,NA,NA,NA,NA,NA,1.2
2019,"Arizona State","Big 12",6.3,43,NA,NA,72,28,NA,NA,NA,NA,NA,NA,NA,NA,40,23.7,NA,NA,NA,NA,NA,NA,NA,NA,NA,2
2019,"Kansas State","Big 12",6,45,NA,NA,65,28.8,NA,NA,NA,NA,NA,NA,NA,NA,46,24.8,NA,NA,NA,NA,NA,NA,NA,NA,NA,2
2019,"South Carolina","SEC",4.8,46,NA,NA,98,23.4,NA,NA,NA,NA,NA,NA,NA,NA,29,20.8,NA,NA,NA,NA,NA,NA,NA,NA,NA,2.2
2019,"SMU","ACC",4.4,47,NA,NA,29,34.6,NA,NA,NA,NA,NA,NA,NA,NA,65,28.3,NA,NA,NA,NA,NA,NA,NA,NA,NA,-1.9
2019,"Pittsburgh","ACC",4.1,48,NA,NA,109,20.4,NA,NA,NA,NA,NA,NA,NA,NA,11,16,NA,NA,NA,NA,NA,NA,NA,NA,NA,-0.3
2019,"Ohio","Mid-American",3.7,49,NA,NA,19,35.9,NA,NA,NA,NA,NA,NA,NA,NA,97,33.5,NA,NA,NA,NA,NA,NA,NA,NA,NA,1.2
2019,"Mississippi State","SEC",3.5,50,NA,NA,36,33.1,NA,NA,NA,NA,NA,NA,NA,NA,69,28.7,NA,NA,NA,NA,NA,NA,NA,NA,NA,-0.9
2019,"Temple","American Athletic",3.2,51,NA,NA,87,24.6,NA,NA,NA,NA,NA,NA,NA,NA,29,20.8,NA,NA,NA,NA,NA,NA,NA,NA,NA,-0.6
2019,"Ole Miss","SEC",2.9,52,NA,NA,67,28.6,NA,NA,NA,NA,NA,NA,NA,NA,41,23.8,NA,NA,NA,NA,NA,NA,NA,NA,NA,-1.9
2019,"Texas Tech","Big 12",2.7,53,NA,NA,39,32.5,NA,NA,NA,NA,NA,NA,NA,NA,83,31.2,NA,NA,NA,NA,NA,NA,NA,NA,NA,1.4
2019,"Nebraska","Big Ten",2.6,54,NA,NA,40,32.2,NA,NA,NA,NA,NA,NA,NA,NA,61,27.4,NA,NA,NA,NA,NA,NA,NA,NA,NA,-2.2
2019,"Wake Forest","ACC",2,55,NA,NA,60,29.4,NA,NA,NA,NA,NA,NA,NA,NA,68,28.6,NA,NA,NA,NA,NA,NA,NA,NA,NA,1.1
2019,"San Diego State","Pac-12",2,55,NA,NA,122,16.6,NA,NA,NA,NA,NA,NA,NA,NA,15,16.6,NA,NA,NA,NA,NA,NA,NA,NA,NA,2
2019,"Florida State","ACC",1.8,57,NA,NA,48,30.2,NA,NA,NA,NA,NA,NA,NA,NA,60,27.1,NA,NA,NA,NA,NA,NA,NA,NA,NA,-1.3
2019,"Western Kentucky","Conference USA",1.7,58,NA,NA,96,23.6,NA,NA,NA,NA,NA,NA,NA,NA,31,21.1,NA,NA,NA,NA,NA,NA,NA,NA,NA,-0.7
2019,"BYU","Big 12",1.3,59,NA,NA,67,28.6,NA,NA,NA,NA,NA,NA,NA,NA,56,26.2,NA,NA,NA,NA,NA,NA,NA,NA,NA,-1.2
2019,"Illinois","Big Ten",0.6,60,NA,NA,91,24.4,NA,NA,NA,NA,NA,NA,NA,NA,53,25.8,NA,NA,NA,NA,NA,NA,NA,NA,NA,2
2019,"Louisiana Tech","Conference USA",0.2,61,NA,NA,84,25.3,NA,NA,NA,NA,NA,NA,NA,NA,48,25,NA,NA,NA,NA,NA,NA,NA,NA,NA,0
2019,"Louisville","ACC",0.2,61,NA,NA,29,34.6,NA,NA,NA,NA,NA,NA,NA,NA,98,33.6,NA,NA,NA,NA,NA,NA,NA,NA,NA,-0.8
2019,"Florida Atlantic","American Athletic",-0.6,63,NA,NA,67,28.6,NA,NA,NA,NA,NA,NA,NA,NA,74,29.5,NA,NA,NA,NA,NA,NA,NA,NA,NA,0.2
2019,"Purdue","Big Ten",-0.7,64,NA,NA,45,30.8,NA,NA,NA,NA,NA,NA,NA,NA,81,31,NA,NA,NA,NA,NA,NA,NA,NA,NA,-0.4
2019,"Oregon State","Pac-12",-0.7,64,NA,NA,35,33.8,NA,NA,NA,NA,NA,NA,NA,NA,93,32.8,NA,NA,NA,NA,NA,NA,NA,NA,NA,-1.7
2019,"Wyoming","Mountain West",-1.1,66,NA,NA,108,20.5,NA,NA,NA,NA,NA,NA,NA,NA,33,21.7,NA,NA,NA,NA,NA,NA,NA,NA,NA,0.1
2019,"UAB","American Athletic",-1.4,67,NA,NA,118,18.3,NA,NA,NA,NA,NA,NA,NA,NA,28,20.2,NA,NA,NA,NA,NA,NA,NA,NA,NA,0.5
2019,"Duke","ACC",-1.8,68,NA,NA,112,19.7,NA,NA,NA,NA,NA,NA,NA,NA,36,23,NA,NA,NA,NA,NA,NA,NA,NA,NA,1.5
2019,"Hawai'i","Mountain West",-1.9,69,NA,NA,27,34.7,NA,NA,NA,NA,NA,NA,NA,NA,113,35.8,NA,NA,NA,NA,NA,NA,NA,NA,NA,-0.9
2019,"Marshall","Sun Belt",-1.9,69,NA,NA,94,23.8,NA,NA,NA,NA,NA,NA,NA,NA,58,26.6,NA,NA,NA,NA,NA,NA,NA,NA,NA,0.8
2019,"Buffalo","Mid-American",-2,71,NA,NA,85,25,NA,NA,NA,NA,NA,NA,NA,NA,43,24.6,NA,NA,NA,NA,NA,NA,NA,NA,NA,-2.4
2019,"Army","American Athletic",-2.1,72,NA,NA,67,28.6,NA,NA,NA,NA,NA,NA,NA,NA,80,30.4,NA,NA,NA,NA,NA,NA,NA,NA,NA,-0.4
2019,"Tulsa","American Athletic",-2.5,73,NA,NA,87,24.6,NA,NA,NA,NA,NA,NA,NA,NA,50,25.2,NA,NA,NA,NA,NA,NA,NA,NA,NA,-2
2019,"California","ACC",-2.6,74,NA,NA,94,23.8,NA,NA,NA,NA,NA,NA,NA,NA,45,24.7,NA,NA,NA,NA,NA,NA,NA,NA,NA,-1.7
2019,"Liberty","Conference USA",-2.6,74,NA,NA,62,29.3,NA,NA,NA,NA,NA,NA,NA,NA,86,32,NA,NA,NA,NA,NA,NA,NA,NA,NA,0.1
2019,"Arkansas State","Sun Belt",-2.9,76,NA,NA,49,30.1,NA,NA,NA,NA,NA,NA,NA,NA,102,34.2,NA,NA,NA,NA,NA,NA,NA,NA,NA,1.3
2019,"Syracuse","ACC",-3,77,NA,NA,89,24.5,NA,NA,NA,NA,NA,NA,NA,NA,75,29.6,NA,NA,NA,NA,NA,NA,NA,NA,NA,2.1
2019,"UCLA","Big Ten",-3.9,78,NA,NA,71,28.4,NA,NA,NA,NA,NA,NA,NA,NA,89,32.5,NA,NA,NA,NA,NA,NA,NA,NA,NA,0.2
2019,"Colorado State","Pac-12",-3.9,78,NA,NA,79,26.1,NA,NA,NA,NA,NA,NA,NA,NA,78,30.1,NA,NA,NA,NA,NA,NA,NA,NA,NA,0.1
2019,"Fresno State","Pac-12",-4,80,NA,NA,46,30.6,NA,NA,NA,NA,NA,NA,NA,NA,98,33.6,NA,NA,NA,NA,NA,NA,NA,NA,NA,-1.1
2019,"Colorado","Big 12",-4.1,81,NA,NA,49,30.1,NA,NA,NA,NA,NA,NA,NA,NA,105,34.7,NA,NA,NA,NA,NA,NA,NA,NA,NA,0.5
2019,"Houston","Big 12",-4.3,82,NA,NA,56,29.6,NA,NA,NA,NA,NA,NA,NA,NA,110,35.4,NA,NA,NA,NA,NA,NA,NA,NA,NA,1.5
2019,"Utah State","Pac-12",-4.3,82,NA,NA,77,26.2,NA,NA,NA,NA,NA,NA,NA,NA,81,31,NA,NA,NA,NA,NA,NA,NA,NA,NA,0.5
2019,"Troy","Sun Belt",-4.4,84,NA,NA,40,32.2,NA,NA,NA,NA,NA,NA,NA,NA,110,35.4,NA,NA,NA,NA,NA,NA,NA,NA,NA,-1.3
2019,"Central Michigan","Mid-American",-4.4,84,NA,NA,80,26,NA,NA,NA,NA,NA,NA,NA,NA,71,29,NA,NA,NA,NA,NA,NA,NA,NA,NA,-1.4
2019,"Ball State","Mid-American",-4.5,86,NA,NA,59,29.5,NA,NA,NA,NA,NA,NA,NA,NA,91,32.6,NA,NA,NA,NA,NA,NA,NA,NA,NA,-1.4
2019,"Georgia Southern","Sun Belt",-4.5,86,NA,NA,101,22.2,NA,NA,NA,NA,NA,NA,NA,NA,61,27.4,NA,NA,NA,NA,NA,NA,NA,NA,NA,0.7
2019,"Stanford","ACC",-4.7,88,NA,NA,74,27.2,NA,NA,NA,NA,NA,NA,NA,NA,87,32.2,NA,NA,NA,NA,NA,NA,NA,NA,NA,0.3
2019,"Southern Miss","Sun Belt",-4.8,89,NA,NA,96,23.6,NA,NA,NA,NA,NA,NA,NA,NA,64,27.7,NA,NA,NA,NA,NA,NA,NA,NA,NA,-0.7
2019,"Western Michigan","Mid-American",-4.9,90,NA,NA,56,29.6,NA,NA,NA,NA,NA,NA,NA,NA,89,32.5,NA,NA,NA,NA,NA,NA,NA,NA,NA,-2
2019,"Northwestern","Big Ten",-5.5,91,NA,NA,123,16.5,NA,NA,NA,NA,NA,NA,NA,NA,27,20,NA,NA,NA,NA,NA,NA,NA,NA,NA,-2
2019,"Boston College","ACC",-5.7,92,NA,NA,44,31.3,NA,NA,NA,NA,NA,NA,NA,NA,110,35.4,NA,NA,NA,NA,NA,NA,NA,NA,NA,-1.6
2019,"North Texas","American Athletic",-6.1,93,NA,NA,85,25,NA,NA,NA,NA,NA,NA,NA,NA,91,32.6,NA,NA,NA,NA,NA,NA,NA,NA,NA,1.4
2019,"NC State","ACC",-6.3,94,NA,NA,102,22,NA,NA,NA,NA,NA,NA,NA,NA,76,29.7,NA,NA,NA,NA,NA,NA,NA,NA,NA,1.4
2019,"Charlotte","American Athletic",-6.3,94,NA,NA,54,29.9,NA,NA,NA,NA,NA,NA,NA,NA,107,35.1,NA,NA,NA,NA,NA,NA,NA,NA,NA,-1.1
2019,"Maryland","Big Ten",-6.3,94,NA,NA,76,26.3,NA,NA,NA,NA,NA,NA,NA,NA,79,30.3,NA,NA,NA,NA,NA,NA,NA,NA,NA,-2.4
2019,"West Virginia","Big 12",-7,97,NA,NA,100,22.9,NA,NA,NA,NA,NA,NA,NA,NA,72,29.1,NA,NA,NA,NA,NA,NA,NA,NA,NA,-0.8
2019,"Florida International","Conference USA",-7,97,NA,NA,102,22,NA,NA,NA,NA,NA,NA,NA,NA,73,29.4,NA,NA,NA,NA,NA,NA,NA,NA,NA,0.4
2019,"San José State","Mountain West",-7.2,99,NA,NA,56,29.6,NA,NA,NA,NA,NA,NA,NA,NA,116,36.7,NA,NA,NA,NA,NA,NA,NA,NA,NA,-0.1
2019,"Arizona","Big 12",-8,100,NA,NA,49,30.1,NA,NA,NA,NA,NA,NA,NA,NA,114,36.1,NA,NA,NA,NA,NA,NA,NA,NA,NA,-2.1
2019,"Eastern Michigan","Mid-American",-8.6,101,NA,NA,62,29.3,NA,NA,NA,NA,NA,NA,NA,NA,118,37.8,NA,NA,NA,NA,NA,NA,NA,NA,NA,-0.1
2019,"Miami (OH)","Mid-American",-9.2,102,NA,NA,111,19.8,NA,NA,NA,NA,NA,NA,NA,NA,77,30,NA,NA,NA,NA,NA,NA,NA,NA,NA,0.9
2019,"South Florida","American Athletic",-9.8,103,NA,NA,109,20.4,NA,NA,NA,NA,NA,NA,NA,NA,61,27.4,NA,NA,NA,NA,NA,NA,NA,NA,NA,-2.7
2019,"Kansas","Big 12",-9.8,103,NA,NA,77,26.2,NA,NA,NA,NA,NA,NA,NA,NA,106,34.8,NA,NA,NA,NA,NA,NA,NA,NA,NA,-1.2
2019,"Kent State","Mid-American",-10.2,105,NA,NA,82,25.9,NA,NA,NA,NA,NA,NA,NA,NA,119,37.9,NA,NA,NA,NA,NA,NA,NA,NA,NA,1.8
2019,"Vanderbilt","SEC",-10.4,106,NA,NA,104,21.8,NA,NA,NA,NA,NA,NA,NA,NA,98,33.6,NA,NA,NA,NA,NA,NA,NA,NA,NA,1.4
2019,"Georgia State","Sun Belt",-10.5,107,NA,NA,60,29.4,NA,NA,NA,NA,NA,NA,NA,NA,121,38.4,NA,NA,NA,NA,NA,NA,NA,NA,NA,-1.4
2019,"Arkansas","SEC",-10.6,108,NA,NA,105,21.7,NA,NA,NA,NA,NA,NA,NA,NA,88,32.3,NA,NA,NA,NA,NA,NA,NA,NA,NA,0
2019,"UL Monroe","Sun Belt",-10.7,109,NA,NA,43,31.5,NA,NA,NA,NA,NA,NA,NA,NA,127,40.8,NA,NA,NA,NA,NA,NA,NA,NA,NA,-1.4
2019,"Middle Tennessee","Conference USA",-11.3,110,NA,NA,74,27.2,NA,NA,NA,NA,NA,NA,NA,NA,117,37.4,NA,NA,NA,NA,NA,NA,NA,NA,NA,-1.1
2019,"Georgia Tech","ACC",-12,111,NA,NA,117,18.8,NA,NA,NA,NA,NA,NA,NA,NA,70,28.9,NA,NA,NA,NA,NA,NA,NA,NA,NA,-1.9
2019,"Nevada","Mountain West",-12.3,112,NA,NA,113,19.4,NA,NA,NA,NA,NA,NA,NA,NA,85,31.9,NA,NA,NA,NA,NA,NA,NA,NA,NA,0.3
2019,"Coastal Carolina","Sun Belt",-12.8,113,NA,NA,98,23.4,NA,NA,NA,NA,NA,NA,NA,NA,108,35.3,NA,NA,NA,NA,NA,NA,NA,NA,NA,-0.9
2019,"Toledo","Mid-American",-13.7,114,NA,NA,83,25.6,NA,NA,NA,NA,NA,NA,NA,NA,121,38.4,NA,NA,NA,NA,NA,NA,NA,NA,NA,-0.8
2019,"Northern Illinois","Mountain West",-13.9,115,NA,NA,106,20.7,NA,NA,NA,NA,NA,NA,NA,NA,102,34.2,NA,NA,NA,NA,NA,NA,NA,NA,NA,-0.4
2019,"East Carolina","American Athletic",-14,116,NA,NA,93,24,NA,NA,NA,NA,NA,NA,NA,NA,120,38.1,NA,NA,NA,NA,NA,NA,NA,NA,NA,0.2
2019,"Rutgers","Big Ten",-14.6,117,NA,NA,121,17.4,NA,NA,NA,NA,NA,NA,NA,NA,84,31.8,NA,NA,NA,NA,NA,NA,NA,NA,NA,-0.3
2019,"Texas State","Pac-12",-16.2,118,NA,NA,120,17.6,NA,NA,NA,NA,NA,NA,NA,NA,94,33,NA,NA,NA,NA,NA,NA,NA,NA,NA,-0.9
2019,"New Mexico","Mountain West",-17,119,NA,NA,107,20.6,NA,NA,NA,NA,NA,NA,NA,NA,123,39.2,NA,NA,NA,NA,NA,NA,NA,NA,NA,1.6
2019,"UNLV","Mountain West",-17.4,120,NA,NA,114,19.3,NA,NA,NA,NA,NA,NA,NA,NA,114,36.1,NA,NA,NA,NA,NA,NA,NA,NA,NA,-0.6
2019,"Rice","American Athletic",-18,121,NA,NA,127,15.1,NA,NA,NA,NA,NA,NA,NA,NA,96,33.2,NA,NA,NA,NA,NA,NA,NA,NA,NA,0.1
2019,"South Alabama","Sun Belt",-20.3,122,NA,NA,124,16.3,NA,NA,NA,NA,NA,NA,NA,NA,101,34,NA,NA,NA,NA,NA,NA,NA,NA,NA,-2.6
2019,"New Mexico State","Conference USA",-22,123,NA,NA,115,19,NA,NA,NA,NA,NA,NA,NA,NA,126,40.3,NA,NA,NA,NA,NA,NA,NA,NA,NA,-0.6
2019,"UTSA","American Athletic",-23.7,124,NA,NA,116,18.9,NA,NA,NA,NA,NA,NA,NA,NA,128,41.7,NA,NA,NA,NA,NA,NA,NA,NA,NA,-0.9
2019,"UConn","FBS Independents",-24.4,125,NA,NA,125,16.2,NA,NA,NA,NA,NA,NA,NA,NA,125,39.7,NA,NA,NA,NA,NA,NA,NA,NA,NA,-1
2019,"Old Dominion","Sun Belt",-24.4,125,NA,NA,129,10.6,NA,NA,NA,NA,NA,NA,NA,NA,104,34.3,NA,NA,NA,NA,NA,NA,NA,NA,NA,-0.7
2019,"UTEP","Mountain West",-25.6,127,NA,NA,119,18,NA,NA,NA,NA,NA,NA,NA,NA,129,43.5,NA,NA,NA,NA,NA,NA,NA,NA,NA,-0.1
2019,"Bowling Green","Mid-American",-27.5,128,NA,NA,128,14.9,NA,NA,NA,NA,NA,NA,NA,NA,124,39.5,NA,NA,NA,NA,NA,NA,NA,NA,NA,-2.9
2019,"Akron","Mid-American",-29.8,129,NA,NA,130,7.7,NA,NA,NA,NA,NA,NA,NA,NA,108,35.3,NA,NA,NA,NA,NA,NA,NA,NA,NA,-2.2
2019,"Massachusetts","Mid-American",-34.6,130,NA,NA,126,15.3,NA,NA,NA,NA,NA,NA,NA,NA,130,49.3,NA,NA,NA,NA,NA,NA,NA,NA,NA,-0.5
2019,"nationalAverages",NA,0.759541984732824,NA,NA,NA,NA,28.3480916030534,NA,NA,NA,NA,NA,NA,NA,NA,NA,27.5992366412214,NA,NA,NA,NA,NA,NA,NA,NA,NA,0.00534351145038168
2021,"Georgia","SEC",32,1,NA,NA,2,41.4,NA,NA,NA,NA,NA,NA,NA,NA,1,10.3,NA,NA,NA,NA,NA,NA,NA,NA,NA,NA
2021,"Ohio State","Big Ten",29.3,2,NA,NA,1,47.2,NA,NA,NA,NA,NA,NA,NA,NA,20,20.6,NA,NA,NA,NA,NA,NA,NA,NA,NA,NA
2021,"Alabama","SEC",26,3,NA,NA,4,40.9,NA,NA,NA,NA,NA,NA,NA,NA,9,15.6,NA,NA,NA,NA,NA,NA,NA,NA,NA,NA
2021,"Michigan","Big Ten",23.4,4,NA,NA,19,36.5,NA,NA,NA,NA,NA,NA,NA,NA,10,15.8,NA,NA,NA,NA,NA,NA,NA,NA,NA,NA
2021,"Cincinnati","Big 12",21.2,5,NA,NA,13,37.5,NA,NA,NA,NA,NA,NA,NA,NA,11,15.9,NA,NA,NA,NA,NA,NA,NA,NA,NA,NA
2021,"Texas A&M","SEC",21.1,6,NA,NA,35,33.6,NA,NA,NA,NA,NA,NA,NA,NA,7,14.9,NA,NA,NA,NA,NA,NA,NA,NA,NA,NA
2021,"Wisconsin","Big Ten",20.1,7,NA,NA,58,29.8,NA,NA,NA,NA,NA,NA,NA,NA,2,10.8,NA,NA,NA,NA,NA,NA,NA,NA,NA,NA
2021,"Clemson","ACC",18.7,8,NA,NA,71,28.3,NA,NA,NA,NA,NA,NA,NA,NA,3,11.6,NA,NA,NA,NA,NA,NA,NA,NA,NA,NA
2021,"Pittsburgh","ACC",17.6,9,NA,NA,9,38.2,NA,NA,NA,NA,NA,NA,NA,NA,29,21.4,NA,NA,NA,NA,NA,NA,NA,NA,NA,NA
2021,"Tennessee","SEC",17.5,10,NA,NA,7,39.4,NA,NA,NA,NA,NA,NA,NA,NA,47,23.8,NA,NA,NA,NA,NA,NA,NA,NA,NA,NA
2021,"Notre Dame","FBS Independents",17.4,11,NA,NA,20,36.2,NA,NA,NA,NA,NA,NA,NA,NA,15,18.9,NA,NA,NA,NA,NA,NA,NA,NA,NA,NA
2021,"Oklahoma State","Big 12",17.2,12,NA,NA,53,30.6,NA,NA,NA,NA,NA,NA,NA,NA,4,14.3,NA,NA,NA,NA,NA,NA,NA,NA,NA,NA
2021,"Oklahoma","SEC",16.8,13,NA,NA,3,41.1,NA,NA,NA,NA,NA,NA,NA,NA,57,25.6,NA,NA,NA,NA,NA,NA,NA,NA,NA,NA
2021,"NC State","ACC",16.1,14,NA,NA,39,33.1,NA,NA,NA,NA,NA,NA,NA,NA,14,17.7,NA,NA,NA,NA,NA,NA,NA,NA,NA,NA
2021,"Baylor","Big 12",15.6,15,NA,NA,39,33.1,NA,NA,NA,NA,NA,NA,NA,NA,12,17.1,NA,NA,NA,NA,NA,NA,NA,NA,NA,NA
2021,"Utah","Big 12",15.2,16,NA,NA,14,37.2,NA,NA,NA,NA,NA,NA,NA,NA,21,20.7,NA,NA,NA,NA,NA,NA,NA,NA,NA,NA
2021,"Ole Miss","SEC",14.8,17,NA,NA,17,36.8,NA,NA,NA,NA,NA,NA,NA,NA,36,22.4,NA,NA,NA,NA,NA,NA,NA,NA,NA,NA
2021,"Minnesota","Big Ten",14.4,18,NA,NA,63,29.3,NA,NA,NA,NA,NA,NA,NA,NA,8,15.4,NA,NA,NA,NA,NA,NA,NA,NA,NA,NA
2021,"Iowa State","Big 12",14.3,19,NA,NA,34,33.8,NA,NA,NA,NA,NA,NA,NA,NA,19,20.2,NA,NA,NA,NA,NA,NA,NA,NA,NA,NA
2021,"Penn State","Big Ten",14.3,19,NA,NA,72,28,NA,NA,NA,NA,NA,NA,NA,NA,6,14.6,NA,NA,NA,NA,NA,NA,NA,NA,NA,NA
2021,"Kansas State","Big 12",14.2,21,NA,NA,36,33.5,NA,NA,NA,NA,NA,NA,NA,NA,16,19,NA,NA,NA,NA,NA,NA,NA,NA,NA,NA
2021,"Arkansas","SEC",13.8,22,NA,NA,31,34.3,NA,NA,NA,NA,NA,NA,NA,NA,27,21.3,NA,NA,NA,NA,NA,NA,NA,NA,NA,NA
2021,"Kentucky","SEC",13.4,23,NA,NA,21,35.1,NA,NA,NA,NA,NA,NA,NA,NA,35,22.3,NA,NA,NA,NA,NA,NA,NA,NA,NA,NA
2021,"Western Kentucky","Conference USA",13.3,24,NA,NA,5,40.5,NA,NA,NA,NA,NA,NA,NA,NA,90,28.8,NA,NA,NA,NA,NA,NA,NA,NA,NA,NA
2021,"Coastal Carolina","Sun Belt",13.2,25,NA,NA,6,39.5,NA,NA,NA,NA,NA,NA,NA,NA,62,26.1,NA,NA,NA,NA,NA,NA,NA,NA,NA,NA
2021,"Arizona State","Big 12",11.8,26,NA,NA,36,33.5,NA,NA,NA,NA,NA,NA,NA,NA,24,20.9,NA,NA,NA,NA,NA,NA,NA,NA,NA,NA
2021,"Iowa","Big Ten",11.4,27,NA,NA,93,23.6,NA,NA,NA,NA,NA,NA,NA,NA,5,14.4,NA,NA,NA,NA,NA,NA,NA,NA,NA,NA
2021,"Michigan State","Big Ten",11.2,28,NA,NA,31,34.3,NA,NA,NA,NA,NA,NA,NA,NA,30,21.7,NA,NA,NA,NA,NA,NA,NA,NA,NA,NA
2021,"Florida","SEC",11,29,NA,NA,22,35,NA,NA,NA,NA,NA,NA,NA,NA,39,23.2,NA,NA,NA,NA,NA,NA,NA,NA,NA,NA
2021,"Auburn","SEC",11,29,NA,NA,56,30.2,NA,NA,NA,NA,NA,NA,NA,NA,17,19.8,NA,NA,NA,NA,NA,NA,NA,NA,NA,NA
2021,"Houston","Big 12",10.9,31,NA,NA,51,31.5,NA,NA,NA,NA,NA,NA,NA,NA,18,20,NA,NA,NA,NA,NA,NA,NA,NA,NA,NA
2021,"Miami","ACC",10.8,32,NA,NA,25,34.8,NA,NA,NA,NA,NA,NA,NA,NA,51,25,NA,NA,NA,NA,NA,NA,NA,NA,NA,NA
2021,"Fresno State","Pac-12",10.8,32,NA,NA,27,34.7,NA,NA,NA,NA,NA,NA,NA,NA,49,24.2,NA,NA,NA,NA,NA,NA,NA,NA,NA,NA
2021,"Mississippi State","SEC",10.5,34,NA,NA,28,34.6,NA,NA,NA,NA,NA,NA,NA,NA,33,22,NA,NA,NA,NA,NA,NA,NA,NA,NA,NA
2021,"App State","Sun Belt",10.3,35,NA,NA,49,32,NA,NA,NA,NA,NA,NA,NA,NA,41,23.5,NA,NA,NA,NA,NA,NA,NA,NA,NA,NA
2021,"Nebraska","Big Ten",10.3,35,NA,NA,33,34.1,NA,NA,NA,NA,NA,NA,NA,NA,27,21.3,NA,NA,NA,NA,NA,NA,NA,NA,NA,NA
2021,"Purdue","Big Ten",10.3,35,NA,NA,44,32.6,NA,NA,NA,NA,NA,NA,NA,NA,25,21.1,NA,NA,NA,NA,NA,NA,NA,NA,NA,NA
2021,"Oregon","Big Ten",10.2,38,NA,NA,22,35,NA,NA,NA,NA,NA,NA,NA,NA,60,26,NA,NA,NA,NA,NA,NA,NA,NA,NA,NA
2021,"Wake Forest","ACC",10.1,39,NA,NA,10,38,NA,NA,NA,NA,NA,NA,NA,NA,92,29.2,NA,NA,NA,NA,NA,NA,NA,NA,NA,NA
2021,"Texas Tech","Big 12",9.8,40,NA,NA,28,34.6,NA,NA,NA,NA,NA,NA,NA,NA,69,27.1,NA,NA,NA,NA,NA,NA,NA,NA,NA,NA
2021,"UCLA","Big Ten",9.4,41,NA,NA,12,37.7,NA,NA,NA,NA,NA,NA,NA,NA,76,27.8,NA,NA,NA,NA,NA,NA,NA,NA,NA,NA
2021,"Boise State","Pac-12",9.4,41,NA,NA,69,28.4,NA,NA,NA,NA,NA,NA,NA,NA,23,20.8,NA,NA,NA,NA,NA,NA,NA,NA,NA,NA
2021,"UAB","American Athletic",9.1,43,NA,NA,47,32.1,NA,NA,NA,NA,NA,NA,NA,NA,30,21.7,NA,NA,NA,NA,NA,NA,NA,NA,NA,NA
2021,"Oregon State","Pac-12",8.9,44,NA,NA,16,36.9,NA,NA,NA,NA,NA,NA,NA,NA,87,28.5,NA,NA,NA,NA,NA,NA,NA,NA,NA,NA
2021,"SMU","ACC",8.9,44,NA,NA,18,36.7,NA,NA,NA,NA,NA,NA,NA,NA,69,27.1,NA,NA,NA,NA,NA,NA,NA,NA,NA,NA
2021,"BYU","Big 12",8.9,44,NA,NA,14,37.2,NA,NA,NA,NA,NA,NA,NA,NA,78,27.9,NA,NA,NA,NA,NA,NA,NA,NA,NA,NA
2021,"Louisiana","Sun Belt",8.7,47,NA,NA,54,30.3,NA,NA,NA,NA,NA,NA,NA,NA,26,21.2,NA,NA,NA,NA,NA,NA,NA,NA,NA,NA
2021,"Texas","SEC",8.5,48,NA,NA,28,34.6,NA,NA,NA,NA,NA,NA,NA,NA,85,28.4,NA,NA,NA,NA,NA,NA,NA,NA,NA,NA
2021,"Liberty","Conference USA",8.4,49,NA,NA,47,32.1,NA,NA,NA,NA,NA,NA,NA,NA,38,23.1,NA,NA,NA,NA,NA,NA,NA,NA,NA,NA
2021,"San Diego State","Pac-12",8.3,50,NA,NA,92,23.7,NA,NA,NA,NA,NA,NA,NA,NA,12,17.1,NA,NA,NA,NA,NA,NA,NA,NA,NA,NA
2021,"Marshall","Sun Belt",8,51,NA,NA,43,32.8,NA,NA,NA,NA,NA,NA,NA,NA,41,23.5,NA,NA,NA,NA,NA,NA,NA,NA,NA,NA
2021,"Louisville","ACC",7.8,52,NA,NA,24,34.9,NA,NA,NA,NA,NA,NA,NA,NA,64,26.6,NA,NA,NA,NA,NA,NA,NA,NA,NA,NA
2021,"Florida State","ACC",7.6,53,NA,NA,58,29.8,NA,NA,NA,NA,NA,NA,NA,NA,37,23,NA,NA,NA,NA,NA,NA,NA,NA,NA,NA
2021,"Air Force","Mountain West",7.4,54,NA,NA,57,30,NA,NA,NA,NA,NA,NA,NA,NA,33,22,NA,NA,NA,NA,NA,NA,NA,NA,NA,NA
2021,"Virginia","ACC",7.2,55,NA,NA,8,39.3,NA,NA,NA,NA,NA,NA,NA,NA,100,31.5,NA,NA,NA,NA,NA,NA,NA,NA,NA,NA
2021,"Toledo","Mid-American",6.9,56,NA,NA,65,29,NA,NA,NA,NA,NA,NA,NA,NA,21,20.7,NA,NA,NA,NA,NA,NA,NA,NA,NA,NA
2021,"Washington State","Pac-12",6.7,57,NA,NA,49,32,NA,NA,NA,NA,NA,NA,NA,NA,60,26,NA,NA,NA,NA,NA,NA,NA,NA,NA,NA
2021,"UTSA","American Athletic",6.5,58,NA,NA,42,33,NA,NA,NA,NA,NA,NA,NA,NA,76,27.8,NA,NA,NA,NA,NA,NA,NA,NA,NA,NA
2021,"North Carolina","ACC",6.4,59,NA,NA,11,37.8,NA,NA,NA,NA,NA,NA,NA,NA,101,31.7,NA,NA,NA,NA,NA,NA,NA,NA,NA,NA
2021,"Maryland","Big Ten",6.2,60,NA,NA,25,34.8,NA,NA,NA,NA,NA,NA,NA,NA,74,27.4,NA,NA,NA,NA,NA,NA,NA,NA,NA,NA
2021,"Tulsa","American Athletic",5.8,61,NA,NA,67,28.7,NA,NA,NA,NA,NA,NA,NA,NA,48,24,NA,NA,NA,NA,NA,NA,NA,NA,NA,NA
2021,"UCF","Big 12",4.8,62,NA,NA,60,29.6,NA,NA,NA,NA,NA,NA,NA,NA,40,23.4,NA,NA,NA,NA,NA,NA,NA,NA,NA,NA
2021,"Army","American Athletic",4.7,63,NA,NA,66,28.8,NA,NA,NA,NA,NA,NA,NA,NA,41,23.5,NA,NA,NA,NA,NA,NA,NA,NA,NA,NA
2021,"Illinois","Big Ten",4.3,64,NA,NA,98,23.2,NA,NA,NA,NA,NA,NA,NA,NA,32,21.8,NA,NA,NA,NA,NA,NA,NA,NA,NA,NA
2021,"LSU","SEC",4.1,65,NA,NA,72,28,NA,NA,NA,NA,NA,NA,NA,NA,57,25.6,NA,NA,NA,NA,NA,NA,NA,NA,NA,NA
2021,"South Carolina","SEC",3.9,66,NA,NA,86,26,NA,NA,NA,NA,NA,NA,NA,NA,49,24.2,NA,NA,NA,NA,NA,NA,NA,NA,NA,NA
2021,"Nevada","Mountain West",3.6,67,NA,NA,54,30.3,NA,NA,NA,NA,NA,NA,NA,NA,68,26.9,NA,NA,NA,NA,NA,NA,NA,NA,NA,NA
2021,"California","ACC",3.4,68,NA,NA,77,27.5,NA,NA,NA,NA,NA,NA,NA,NA,51,25,NA,NA,NA,NA,NA,NA,NA,NA,NA,NA
2021,"Missouri","SEC",3.1,69,NA,NA,52,31.1,NA,NA,NA,NA,NA,NA,NA,NA,97,29.9,NA,NA,NA,NA,NA,NA,NA,NA,NA,NA
2021,"Virginia Tech","ACC",2.4,70,NA,NA,85,26.7,NA,NA,NA,NA,NA,NA,NA,NA,54,25.2,NA,NA,NA,NA,NA,NA,NA,NA,NA,NA
2021,"Georgia State","Sun Belt",1.8,71,NA,NA,77,27.5,NA,NA,NA,NA,NA,NA,NA,NA,65,26.7,NA,NA,NA,NA,NA,NA,NA,NA,NA,NA
2021,"West Virginia","Big 12",1.8,71,NA,NA,75,27.7,NA,NA,NA,NA,NA,NA,NA,NA,51,25,NA,NA,NA,NA,NA,NA,NA,NA,NA,NA
2021,"Miami (OH)","Mid-American",1.5,73,NA,NA,63,29.3,NA,NA,NA,NA,NA,NA,NA,NA,67,26.8,NA,NA,NA,NA,NA,NA,NA,NA,NA,NA
2021,"Memphis","American Athletic",1,74,NA,NA,60,29.6,NA,NA,NA,NA,NA,NA,NA,NA,78,27.9,NA,NA,NA,NA,NA,NA,NA,NA,NA,NA
2021,"Boston College","ACC",0.9,75,NA,NA,83,27,NA,NA,NA,NA,NA,NA,NA,NA,63,26.5,NA,NA,NA,NA,NA,NA,NA,NA,NA,NA
2021,"Wyoming","Mountain West",0.6,76,NA,NA,86,26,NA,NA,NA,NA,NA,NA,NA,NA,41,23.5,NA,NA,NA,NA,NA,NA,NA,NA,NA,NA
2021,"Western Michigan","Mid-American",0.6,76,NA,NA,39,33.1,NA,NA,NA,NA,NA,NA,NA,NA,91,29,NA,NA,NA,NA,NA,NA,NA,NA,NA,NA
2021,"East Carolina","American Athletic",0.5,78,NA,NA,79,27.4,NA,NA,NA,NA,NA,NA,NA,NA,83,28.3,NA,NA,NA,NA,NA,NA,NA,NA,NA,NA
2021,"Syracuse","ACC",0.3,79,NA,NA,81,27.1,NA,NA,NA,NA,NA,NA,NA,NA,54,25.2,NA,NA,NA,NA,NA,NA,NA,NA,NA,NA
2021,"Utah State","Pac-12",0.1,80,NA,NA,69,28.4,NA,NA,NA,NA,NA,NA,NA,NA,78,27.9,NA,NA,NA,NA,NA,NA,NA,NA,NA,NA
2021,"USC","Big Ten",-0.6,81,NA,NA,45,32.3,NA,NA,NA,NA,NA,NA,NA,NA,106,33.4,NA,NA,NA,NA,NA,NA,NA,NA,NA,NA
2021,"TCU","Big 12",-0.6,81,NA,NA,38,33.2,NA,NA,NA,NA,NA,NA,NA,NA,109,33.9,NA,NA,NA,NA,NA,NA,NA,NA,NA,NA
2021,"Washington","Big Ten",-0.7,83,NA,NA,101,22.8,NA,NA,NA,NA,NA,NA,NA,NA,45,23.6,NA,NA,NA,NA,NA,NA,NA,NA,NA,NA
2021,"Central Michigan","Mid-American",-1,84,NA,NA,68,28.5,NA,NA,NA,NA,NA,NA,NA,NA,93,29.3,NA,NA,NA,NA,NA,NA,NA,NA,NA,NA
2021,"San José State","Mountain West",-1.9,85,NA,NA,102,22.6,NA,NA,NA,NA,NA,NA,NA,NA,54,25.2,NA,NA,NA,NA,NA,NA,NA,NA,NA,NA
2021,"Hawai'i","Mountain West",-2.3,86,NA,NA,81,27.1,NA,NA,NA,NA,NA,NA,NA,NA,98,30.1,NA,NA,NA,NA,NA,NA,NA,NA,NA,NA
2021,"Colorado State","Pac-12",-2.4,87,NA,NA,97,23.3,NA,NA,NA,NA,NA,NA,NA,NA,59,25.9,NA,NA,NA,NA,NA,NA,NA,NA,NA,NA
2021,"Rutgers","Big Ten",-3,88,NA,NA,109,20.8,NA,NA,NA,NA,NA,NA,NA,NA,46,23.7,NA,NA,NA,NA,NA,NA,NA,NA,NA,NA
2021,"Tulane","American Athletic",-3.9,89,NA,NA,74,27.9,NA,NA,NA,NA,NA,NA,NA,NA,99,30.4,NA,NA,NA,NA,NA,NA,NA,NA,NA,NA
2021,"Middle Tennessee","Conference USA",-4,90,NA,NA,90,24,NA,NA,NA,NA,NA,NA,NA,NA,69,27.1,NA,NA,NA,NA,NA,NA,NA,NA,NA,NA
2021,"UTEP","Mountain West",-4.2,91,NA,NA,91,23.9,NA,NA,NA,NA,NA,NA,NA,NA,83,28.3,NA,NA,NA,NA,NA,NA,NA,NA,NA,NA
2021,"Florida Atlantic","American Athletic",-5.2,92,NA,NA,99,23.1,NA,NA,NA,NA,NA,NA,NA,NA,85,28.4,NA,NA,NA,NA,NA,NA,NA,NA,NA,NA
2021,"Kent State","Mid-American",-6.4,93,NA,NA,45,32.3,NA,NA,NA,NA,NA,NA,NA,NA,120,36.9,NA,NA,NA,NA,NA,NA,NA,NA,NA,NA
2021,"North Texas","American Athletic",-6.5,94,NA,NA,99,23.1,NA,NA,NA,NA,NA,NA,NA,NA,87,28.5,NA,NA,NA,NA,NA,NA,NA,NA,NA,NA
2021,"Troy","Sun Belt",-6.5,94,NA,NA,114,20.1,NA,NA,NA,NA,NA,NA,NA,NA,65,26.7,NA,NA,NA,NA,NA,NA,NA,NA,NA,NA
2021,"Georgia Tech","ACC",-6.7,96,NA,NA,83,27,NA,NA,NA,NA,NA,NA,NA,NA,103,32.4,NA,NA,NA,NA,NA,NA,NA,NA,NA,NA
2021,"Northern Illinois","Mountain West",-7.1,97,NA,NA,62,29.4,NA,NA,NA,NA,NA,NA,NA,NA,116,36.1,NA,NA,NA,NA,NA,NA,NA,NA,NA,NA
2021,"South Alabama","Sun Belt",-7.2,98,NA,NA,106,21.4,NA,NA,NA,NA,NA,NA,NA,NA,81,28,NA,NA,NA,NA,NA,NA,NA,NA,NA,NA
2021,"Old Dominion","Sun Belt",-7.4,99,NA,NA,107,21.2,NA,NA,NA,NA,NA,NA,NA,NA,81,28,NA,NA,NA,NA,NA,NA,NA,NA,NA,NA
2021,"Indiana","Big Ten",-7.8,100,NA,NA,112,20.4,NA,NA,NA,NA,NA,NA,NA,NA,72,27.3,NA,NA,NA,NA,NA,NA,NA,NA,NA,NA
2021,"Eastern Michigan","Mid-American",-7.8,100,NA,NA,80,27.2,NA,NA,NA,NA,NA,NA,NA,NA,122,37.2,NA,NA,NA,NA,NA,NA,NA,NA,NA,NA
2021,"Navy","American Athletic",-8.5,102,NA,NA,115,20,NA,NA,NA,NA,NA,NA,NA,NA,75,27.7,NA,NA,NA,NA,NA,NA,NA,NA,NA,NA
2021,"Buffalo","Mid-American",-9.5,103,NA,NA,89,24.6,NA,NA,NA,NA,NA,NA,NA,NA,105,33.1,NA,NA,NA,NA,NA,NA,NA,NA,NA,NA
2021,"Colorado","Big 12",-10,104,NA,NA,120,18.8,NA,NA,NA,NA,NA,NA,NA,NA,94,29.6,NA,NA,NA,NA,NA,NA,NA,NA,NA,NA
2021,"Stanford","ACC",-10.2,105,NA,NA,104,22.2,NA,NA,NA,NA,NA,NA,NA,NA,107,33.6,NA,NA,NA,NA,NA,NA,NA,NA,NA,NA
2021,"Northwestern","Big Ten",-11.1,106,NA,NA,118,19.4,NA,NA,NA,NA,NA,NA,NA,NA,72,27.3,NA,NA,NA,NA,NA,NA,NA,NA,NA,NA
2021,"Ball State","Mid-American",-11.2,107,NA,NA,105,21.6,NA,NA,NA,NA,NA,NA,NA,NA,108,33.7,NA,NA,NA,NA,NA,NA,NA,NA,NA,NA
2021,"Louisiana Tech","Conference USA",-11.6,108,NA,NA,93,23.6,NA,NA,NA,NA,NA,NA,NA,NA,112,34.4,NA,NA,NA,NA,NA,NA,NA,NA,NA,NA
2021,"Ohio","Mid-American",-11.6,108,NA,NA,88,25.1,NA,NA,NA,NA,NA,NA,NA,NA,114,35.2,NA,NA,NA,NA,NA,NA,NA,NA,NA,NA
2021,"South Florida","American Athletic",-12.1,110,NA,NA,95,23.5,NA,NA,NA,NA,NA,NA,NA,NA,117,36.2,NA,NA,NA,NA,NA,NA,NA,NA,NA,NA
2021,"Bowling Green","Mid-American",-12.4,111,NA,NA,125,17.1,NA,NA,NA,NA,NA,NA,NA,NA,95,29.8,NA,NA,NA,NA,NA,NA,NA,NA,NA,NA
2021,"Arizona","Big 12",-12.6,112,NA,NA,119,19.2,NA,NA,NA,NA,NA,NA,NA,NA,102,32.3,NA,NA,NA,NA,NA,NA,NA,NA,NA,NA
2021,"Duke","ACC",-13.5,113,NA,NA,96,23.4,NA,NA,NA,NA,NA,NA,NA,NA,118,36.3,NA,NA,NA,NA,NA,NA,NA,NA,NA,NA
2021,"Charlotte","American Athletic",-13.7,114,NA,NA,76,27.6,NA,NA,NA,NA,NA,NA,NA,NA,127,41.2,NA,NA,NA,NA,NA,NA,NA,NA,NA,NA
2021,"UNLV","Mountain West",-13.8,115,NA,NA,116,19.9,NA,NA,NA,NA,NA,NA,NA,NA,104,33,NA,NA,NA,NA,NA,NA,NA,NA,NA,NA
2021,"Southern Miss","Sun Belt",-14.2,116,NA,NA,128,15,NA,NA,NA,NA,NA,NA,NA,NA,89,28.6,NA,NA,NA,NA,NA,NA,NA,NA,NA,NA
2021,"Georgia Southern","Sun Belt",-15.3,117,NA,NA,121,18.4,NA,NA,NA,NA,NA,NA,NA,NA,110,34,NA,NA,NA,NA,NA,NA,NA,NA,NA,NA
2021,"Texas State","Pac-12",-16,118,NA,NA,110,20.7,NA,NA,NA,NA,NA,NA,NA,NA,120,36.9,NA,NA,NA,NA,NA,NA,NA,NA,NA,NA
2021,"Arkansas State","Sun Belt",-17.9,119,NA,NA,108,21,NA,NA,NA,NA,NA,NA,NA,NA,124,40,NA,NA,NA,NA,NA,NA,NA,NA,NA,NA
2021,"New Mexico","Mountain West",-18.6,120,NA,NA,130,11.6,NA,NA,NA,NA,NA,NA,NA,NA,95,29.8,NA,NA,NA,NA,NA,NA,NA,NA,NA,NA
2021,"Temple","American Athletic",-19.1,121,NA,NA,123,17.5,NA,NA,NA,NA,NA,NA,NA,NA,111,34.1,NA,NA,NA,NA,NA,NA,NA,NA,NA,NA
2021,"Vanderbilt","SEC",-19.4,122,NA,NA,124,17.4,NA,NA,NA,NA,NA,NA,NA,NA,115,35.6,NA,NA,NA,NA,NA,NA,NA,NA,NA,NA
2021,"Kansas","Big 12",-19.7,123,NA,NA,103,22.3,NA,NA,NA,NA,NA,NA,NA,NA,126,40.6,NA,NA,NA,NA,NA,NA,NA,NA,NA,NA
2021,"UL Monroe","Sun Belt",-20.3,124,NA,NA,127,15.6,NA,NA,NA,NA,NA,NA,NA,NA,113,35.1,NA,NA,NA,NA,NA,NA,NA,NA,NA,NA
2021,"Florida International","Conference USA",-21.6,125,NA,NA,116,19.9,NA,NA,NA,NA,NA,NA,NA,NA,125,40.2,NA,NA,NA,NA,NA,NA,NA,NA,NA,NA
2021,"Rice","American Athletic",-22.9,126,NA,NA,122,18.2,NA,NA,NA,NA,NA,NA,NA,NA,123,38.3,NA,NA,NA,NA,NA,NA,NA,NA,NA,NA
2021,"Akron","Mid-American",-23.1,127,NA,NA,113,20.3,NA,NA,NA,NA,NA,NA,NA,NA,128,41.7,NA,NA,NA,NA,NA,NA,NA,NA,NA,NA
2021,"New Mexico State","Conference USA",-24.2,128,NA,NA,111,20.6,NA,NA,NA,NA,NA,NA,NA,NA,129,43.7,NA,NA,NA,NA,NA,NA,NA,NA,NA,NA
2021,"UConn","FBS Independents",-25.6,129,NA,NA,129,12.7,NA,NA,NA,NA,NA,NA,NA,NA,119,36.8,NA,NA,NA,NA,NA,NA,NA,NA,NA,NA
2021,"Massachusetts","Mid-American",-29.3,130,NA,NA,126,16.1,NA,NA,NA,NA,NA,NA,NA,NA,130,43.9,NA,NA,NA,NA,NA,NA,NA,NA,NA,NA
2021,"nationalAverages",NA,1.98076923076923,NA,NA,NA,NA,28.6492307692308,NA,NA,NA,NA,NA,NA,NA,NA,NA,26.6746153846154,NA,NA,NA,NA,NA,NA,NA,NA,NA,NA
2022,"Georgia","SEC",35.3,1,NA,NA,26,37.2,NA,NA,NA,NA,NA,NA,NA,NA,1,3.7,NA,NA,NA,NA,NA,NA,NA,NA,NA,1.7
2022,"Michigan","Big Ten",32,2,NA,NA,21,38,NA,NA,NA,NA,NA,NA,NA,NA,4,7.6,NA,NA,NA,NA,NA,NA,NA,NA,NA,1.6
2022,"Ohio State","Big Ten",31.1,3,NA,NA,4,45.1,NA,NA,NA,NA,NA,NA,NA,NA,15,15.7,NA,NA,NA,NA,NA,NA,NA,NA,NA,1.7
2022,"Alabama","SEC",30.3,4,NA,NA,8,42.9,NA,NA,NA,NA,NA,NA,NA,NA,12,14.2,NA,NA,NA,NA,NA,NA,NA,NA,NA,1.6
2022,"Tennessee","SEC",25.2,5,NA,NA,1,47.3,NA,NA,NA,NA,NA,NA,NA,NA,40,22.6,NA,NA,NA,NA,NA,NA,NA,NA,NA,0.4
2022,"TCU","Big 12",24.3,6,NA,NA,6,43.3,NA,NA,NA,NA,NA,NA,NA,NA,31,20.2,NA,NA,NA,NA,NA,NA,NA,NA,NA,1.2
2022,"Texas","SEC",23.1,7,NA,NA,20,38.1,NA,NA,NA,NA,NA,NA,NA,NA,14,15.6,NA,NA,NA,NA,NA,NA,NA,NA,NA,0.7
2022,"Penn State","Big Ten",22.4,8,NA,NA,28,36.6,NA,NA,NA,NA,NA,NA,NA,NA,11,13.9,NA,NA,NA,NA,NA,NA,NA,NA,NA,-0.3
2022,"Kansas State","Big 12",21.4,9,NA,NA,29,36.4,NA,NA,NA,NA,NA,NA,NA,NA,15,15.7,NA,NA,NA,NA,NA,NA,NA,NA,NA,0.6
2022,"Utah","Big 12",19.2,10,NA,NA,25,37.3,NA,NA,NA,NA,NA,NA,NA,NA,21,17.3,NA,NA,NA,NA,NA,NA,NA,NA,NA,-0.8
2022,"Oregon","Big Ten",18.9,11,NA,NA,5,44.9,NA,NA,NA,NA,NA,NA,NA,NA,65,26.5,NA,NA,NA,NA,NA,NA,NA,NA,NA,0.5
2022,"USC","Big Ten",18.9,11,NA,NA,2,46.6,NA,NA,NA,NA,NA,NA,NA,NA,63,26.3,NA,NA,NA,NA,NA,NA,NA,NA,NA,-1.4
2022,"Clemson","ACC",17.6,13,NA,NA,33,34.9,NA,NA,NA,NA,NA,NA,NA,NA,26,18.5,NA,NA,NA,NA,NA,NA,NA,NA,NA,1.2
2022,"LSU","SEC",16.2,14,NA,NA,37,34.2,NA,NA,NA,NA,NA,NA,NA,NA,23,17.6,NA,NA,NA,NA,NA,NA,NA,NA,NA,-0.5
2022,"Ole Miss","SEC",16.2,14,NA,NA,17,38.8,NA,NA,NA,NA,NA,NA,NA,NA,44,23.7,NA,NA,NA,NA,NA,NA,NA,NA,NA,1.1
2022,"Minnesota","Big Ten",16,16,NA,NA,90,23.5,NA,NA,NA,NA,NA,NA,NA,NA,5,8.6,NA,NA,NA,NA,NA,NA,NA,NA,NA,1.1
2022,"Illinois","Big Ten",15.9,17,NA,NA,98,20.6,NA,NA,NA,NA,NA,NA,NA,NA,3,5.5,NA,NA,NA,NA,NA,NA,NA,NA,NA,0.8
2022,"Washington","Big Ten",15.7,18,NA,NA,12,41.2,NA,NA,NA,NA,NA,NA,NA,NA,57,25.5,NA,NA,NA,NA,NA,NA,NA,NA,NA,0
2022,"Oklahoma","SEC",15.4,19,NA,NA,13,40.8,NA,NA,NA,NA,NA,NA,NA,NA,65,26.5,NA,NA,NA,NA,NA,NA,NA,NA,NA,1
2022,"Mississippi State","SEC",15.4,19,NA,NA,32,35.1,NA,NA,NA,NA,NA,NA,NA,NA,30,19.9,NA,NA,NA,NA,NA,NA,NA,NA,NA,0.2
2022,"UCLA","Big Ten",15,21,NA,NA,3,45.7,NA,NA,NA,NA,NA,NA,NA,NA,83,30.1,NA,NA,NA,NA,NA,NA,NA,NA,NA,-0.7
2022,"Oregon State","Pac-12",14.3,22,NA,NA,41,33.3,NA,NA,NA,NA,NA,NA,NA,NA,24,17.7,NA,NA,NA,NA,NA,NA,NA,NA,NA,-1.3
2022,"Florida State","ACC",13.2,23,NA,NA,34,34.8,NA,NA,NA,NA,NA,NA,NA,NA,34,20.4,NA,NA,NA,NA,NA,NA,NA,NA,NA,-1.3
2022,"Cincinnati","Big 12",13.1,24,NA,NA,62,27.6,NA,NA,NA,NA,NA,NA,NA,NA,17,16.1,NA,NA,NA,NA,NA,NA,NA,NA,NA,1.5
2022,"Kentucky","SEC",13,25,NA,NA,91,23.2,NA,NA,NA,NA,NA,NA,NA,NA,6,9.9,NA,NA,NA,NA,NA,NA,NA,NA,NA,-0.3
2022,"South Carolina","SEC",12.7,26,NA,NA,31,36,NA,NA,NA,NA,NA,NA,NA,NA,52,25.2,NA,NA,NA,NA,NA,NA,NA,NA,NA,1.8
2022,"Iowa","Big Ten",12.7,26,NA,NA,117,16,NA,NA,NA,NA,NA,NA,NA,NA,2,5.1,NA,NA,NA,NA,NA,NA,NA,NA,NA,1.7
2022,"Tulane","American Athletic",12.4,28,NA,NA,47,32,NA,NA,NA,NA,NA,NA,NA,NA,29,19.7,NA,NA,NA,NA,NA,NA,NA,NA,NA,0.1
2022,"Arkansas","SEC",12,29,NA,NA,19,38.3,NA,NA,NA,NA,NA,NA,NA,NA,63,26.3,NA,NA,NA,NA,NA,NA,NA,NA,NA,0
2022,"Baylor","Big 12",11.7,30,NA,NA,22,37.6,NA,NA,NA,NA,NA,NA,NA,NA,61,26.1,NA,NA,NA,NA,NA,NA,NA,NA,NA,0.2
2022,"Oklahoma State","Big 12",11.3,31,NA,NA,22,37.6,NA,NA,NA,NA,NA,NA,NA,NA,68,27.9,NA,NA,NA,NA,NA,NA,NA,NA,NA,1.6
2022,"Maryland","Big Ten",11.2,32,NA,NA,39,33.8,NA,NA,NA,NA,NA,NA,NA,NA,45,24.2,NA,NA,NA,NA,NA,NA,NA,NA,NA,1.7
2022,"South Alabama","Sun Belt",10.8,33,NA,NA,66,26.8,NA,NA,NA,NA,NA,NA,NA,NA,22,17.4,NA,NA,NA,NA,NA,NA,NA,NA,NA,1.4
2022,"Florida","SEC",10.4,34,NA,NA,15,39.6,NA,NA,NA,NA,NA,NA,NA,NA,78,29.5,NA,NA,NA,NA,NA,NA,NA,NA,NA,0.3
2022,"Notre Dame","FBS Independents",10.3,35,NA,NA,56,30.5,NA,NA,NA,NA,NA,NA,NA,NA,36,21.4,NA,NA,NA,NA,NA,NA,NA,NA,NA,1.1
2022,"UCF","Big 12",10.3,35,NA,NA,55,31.1,NA,NA,NA,NA,NA,NA,NA,NA,32,20.3,NA,NA,NA,NA,NA,NA,NA,NA,NA,-0.6
2022,"Washington State","Pac-12",9.5,37,NA,NA,78,25.1,NA,NA,NA,NA,NA,NA,NA,NA,19,16.7,NA,NA,NA,NA,NA,NA,NA,NA,NA,1.1
2022,"Texas A&M","SEC",9.1,38,NA,NA,75,25.4,NA,NA,NA,NA,NA,NA,NA,NA,18,16.6,NA,NA,NA,NA,NA,NA,NA,NA,NA,0.3
2022,"Louisville","ACC",9,39,NA,NA,65,27,NA,NA,NA,NA,NA,NA,NA,NA,28,19.1,NA,NA,NA,NA,NA,NA,NA,NA,NA,1.1
2022,"Pittsburgh","ACC",8.6,40,NA,NA,43,32.8,NA,NA,NA,NA,NA,NA,NA,NA,49,24.7,NA,NA,NA,NA,NA,NA,NA,NA,NA,0.5
2022,"Texas Tech","Big 12",8.5,41,NA,NA,18,38.5,NA,NA,NA,NA,NA,NA,NA,NA,87,30.5,NA,NA,NA,NA,NA,NA,NA,NA,NA,0.5
2022,"Wisconsin","Big Ten",8.3,42,NA,NA,68,25.7,NA,NA,NA,NA,NA,NA,NA,NA,20,17.1,NA,NA,NA,NA,NA,NA,NA,NA,NA,-0.4
2022,"Wake Forest","ACC",8.2,43,NA,NA,6,43.3,NA,NA,NA,NA,NA,NA,NA,NA,105,35.2,NA,NA,NA,NA,NA,NA,NA,NA,NA,0
2022,"Troy","Sun Belt",8.1,44,NA,NA,107,17.7,NA,NA,NA,NA,NA,NA,NA,NA,8,11.2,NA,NA,NA,NA,NA,NA,NA,NA,NA,1.5
2022,"Missouri","SEC",8.1,44,NA,NA,67,26,NA,NA,NA,NA,NA,NA,NA,NA,25,18.3,NA,NA,NA,NA,NA,NA,NA,NA,NA,0.3
2022,"North Carolina","ACC",7.8,46,NA,NA,11,41.7,NA,NA,NA,NA,NA,NA,NA,NA,103,35,NA,NA,NA,NA,NA,NA,NA,NA,NA,1.1
2022,"Purdue","Big Ten",7.7,47,NA,NA,49,31.6,NA,NA,NA,NA,NA,NA,NA,NA,39,22.4,NA,NA,NA,NA,NA,NA,NA,NA,NA,-1.5
2022,"UTSA","American Athletic",7.2,48,NA,NA,16,39.3,NA,NA,NA,NA,NA,NA,NA,NA,93,32.6,NA,NA,NA,NA,NA,NA,NA,NA,NA,0.5
2022,"Memphis","American Athletic",6.8,49,NA,NA,27,37,NA,NA,NA,NA,NA,NA,NA,NA,89,31.8,NA,NA,NA,NA,NA,NA,NA,NA,NA,1.7
2022,"NC State","ACC",6.8,49,NA,NA,99,20.4,NA,NA,NA,NA,NA,NA,NA,NA,13,15.3,NA,NA,NA,NA,NA,NA,NA,NA,NA,1.6
2022,"James Madison","Sun Belt",6.5,51,NA,NA,52,31.3,NA,NA,NA,NA,NA,NA,NA,NA,43,23.6,NA,NA,NA,NA,NA,NA,NA,NA,NA,-1.2
2022,"Boise State","Pac-12",5.7,52,NA,NA,83,24.1,NA,NA,NA,NA,NA,NA,NA,NA,26,18.5,NA,NA,NA,NA,NA,NA,NA,NA,NA,0.1
2022,"Iowa State","Big 12",5.3,53,NA,NA,107,17.7,NA,NA,NA,NA,NA,NA,NA,NA,7,10.6,NA,NA,NA,NA,NA,NA,NA,NA,NA,-1.7
2022,"Auburn","SEC",5.1,54,NA,NA,46,32.6,NA,NA,NA,NA,NA,NA,NA,NA,68,27.9,NA,NA,NA,NA,NA,NA,NA,NA,NA,0.5
2022,"Duke","ACC",5,55,NA,NA,61,29.4,NA,NA,NA,NA,NA,NA,NA,NA,49,24.7,NA,NA,NA,NA,NA,NA,NA,NA,NA,0.3
2022,"SMU","ACC",4.7,56,NA,NA,10,42,NA,NA,NA,NA,NA,NA,NA,NA,115,38.1,NA,NA,NA,NA,NA,NA,NA,NA,NA,0.9
2022,"Houston","Big 12",4.5,57,NA,NA,9,42.5,NA,NA,NA,NA,NA,NA,NA,NA,112,37.7,NA,NA,NA,NA,NA,NA,NA,NA,NA,-0.3
2022,"Air Force","Mountain West",3.9,58,NA,NA,114,16.3,NA,NA,NA,NA,NA,NA,NA,NA,10,12.3,NA,NA,NA,NA,NA,NA,NA,NA,NA,-0.1
2022,"Fresno State","Pac-12",3.3,59,NA,NA,64,27.1,NA,NA,NA,NA,NA,NA,NA,NA,46,24.4,NA,NA,NA,NA,NA,NA,NA,NA,NA,0.6
2022,"Marshall","Sun Belt",3,60,NA,NA,121,15.7,NA,NA,NA,NA,NA,NA,NA,NA,9,11.4,NA,NA,NA,NA,NA,NA,NA,NA,NA,-1.3
2022,"Kansas","Big 12",2.9,61,NA,NA,14,40.6,NA,NA,NA,NA,NA,NA,NA,NA,108,36,NA,NA,NA,NA,NA,NA,NA,NA,NA,-1.7
2022,"Syracuse","ACC",2.5,62,NA,NA,63,27.4,NA,NA,NA,NA,NA,NA,NA,NA,49,24.7,NA,NA,NA,NA,NA,NA,NA,NA,NA,-0.1
2022,"West Virginia","Big 12",2.4,63,NA,NA,30,36.3,NA,NA,NA,NA,NA,NA,NA,NA,101,34.5,NA,NA,NA,NA,NA,NA,NA,NA,NA,0.6
2022,"Louisiana","Sun Belt",2,64,NA,NA,95,21.7,NA,NA,NA,NA,NA,NA,NA,NA,32,20.3,NA,NA,NA,NA,NA,NA,NA,NA,NA,0.7
2022,"App State","Sun Belt",1.7,65,NA,NA,42,32.9,NA,NA,NA,NA,NA,NA,NA,NA,82,29.8,NA,NA,NA,NA,NA,NA,NA,NA,NA,-1.4
2022,"Western Kentucky","Conference USA",1.7,65,NA,NA,52,31.3,NA,NA,NA,NA,NA,NA,NA,NA,83,30.1,NA,NA,NA,NA,NA,NA,NA,NA,NA,0.5
2022,"Michigan State","Big Ten",1.2,67,NA,NA,48,31.9,NA,NA,NA,NA,NA,NA,NA,NA,81,29.7,NA,NA,NA,NA,NA,NA,NA,NA,NA,-1
2022,"East Carolina","American Athletic",1.1,68,NA,NA,51,31.5,NA,NA,NA,NA,NA,NA,NA,NA,74,28.7,NA,NA,NA,NA,NA,NA,NA,NA,NA,-1.7
2022,"Coastal Carolina","Sun Belt",0.6,69,NA,NA,44,32.7,NA,NA,NA,NA,NA,NA,NA,NA,88,30.6,NA,NA,NA,NA,NA,NA,NA,NA,NA,-1.5
2022,"UAB","American Athletic",-0.5,70,NA,NA,68,25.7,NA,NA,NA,NA,NA,NA,NA,NA,54,25.3,NA,NA,NA,NA,NA,NA,NA,NA,NA,-0.9
2022,"Nebraska","Big Ten",-1.2,71,NA,NA,74,25.5,NA,NA,NA,NA,NA,NA,NA,NA,58,25.6,NA,NA,NA,NA,NA,NA,NA,NA,NA,-1.2
2022,"BYU","Big 12",-1.4,72,NA,NA,35,34.3,NA,NA,NA,NA,NA,NA,NA,NA,102,34.8,NA,NA,NA,NA,NA,NA,NA,NA,NA,-0.8
2022,"Army","American Athletic",-1.5,73,NA,NA,80,24.6,NA,NA,NA,NA,NA,NA,NA,NA,54,25.3,NA,NA,NA,NA,NA,NA,NA,NA,NA,-0.9
2022,"North Texas","American Athletic",-1.5,73,NA,NA,52,31.3,NA,NA,NA,NA,NA,NA,NA,NA,98,34.1,NA,NA,NA,NA,NA,NA,NA,NA,NA,1.3
2022,"Liberty","Conference USA",-1.5,73,NA,NA,83,24.1,NA,NA,NA,NA,NA,NA,NA,NA,56,25.4,NA,NA,NA,NA,NA,NA,NA,NA,NA,-0.2
2022,"Miami","ACC",-2.7,76,NA,NA,81,24.4,NA,NA,NA,NA,NA,NA,NA,NA,75,28.9,NA,NA,NA,NA,NA,NA,NA,NA,NA,1.7
2022,"California","ACC",-3,77,NA,NA,91,23.2,NA,NA,NA,NA,NA,NA,NA,NA,59,25.9,NA,NA,NA,NA,NA,NA,NA,NA,NA,-0.3
2022,"Arizona","Big 12",-3.2,78,NA,NA,22,37.6,NA,NA,NA,NA,NA,NA,NA,NA,126,41.1,NA,NA,NA,NA,NA,NA,NA,NA,NA,0.2
2022,"Georgia State","Sun Belt",-3.3,79,NA,NA,40,33.7,NA,NA,NA,NA,NA,NA,NA,NA,116,38.3,NA,NA,NA,NA,NA,NA,NA,NA,NA,1.4
2022,"Southern Miss","Sun Belt",-3.5,80,NA,NA,105,18.3,NA,NA,NA,NA,NA,NA,NA,NA,42,22.9,NA,NA,NA,NA,NA,NA,NA,NA,NA,1.1
2022,"Toledo","Mid-American",-3.7,81,NA,NA,68,25.7,NA,NA,NA,NA,NA,NA,NA,NA,68,27.9,NA,NA,NA,NA,NA,NA,NA,NA,NA,-1.5
2022,"Arizona State","Big 12",-4.1,82,NA,NA,56,30.5,NA,NA,NA,NA,NA,NA,NA,NA,107,35.7,NA,NA,NA,NA,NA,NA,NA,NA,NA,1.1
2022,"San José State","Mountain West",-4.3,83,NA,NA,101,19.1,NA,NA,NA,NA,NA,NA,NA,NA,37,21.6,NA,NA,NA,NA,NA,NA,NA,NA,NA,-1.8
2022,"San Diego State","Pac-12",-4.4,84,NA,NA,122,15.1,NA,NA,NA,NA,NA,NA,NA,NA,35,21.1,NA,NA,NA,NA,NA,NA,NA,NA,NA,1.5
2022,"Ohio","Mid-American",-4.6,85,NA,NA,49,31.6,NA,NA,NA,NA,NA,NA,NA,NA,105,35.2,NA,NA,NA,NA,NA,NA,NA,NA,NA,-1
2022,"Vanderbilt","SEC",-4.7,86,NA,NA,58,29.9,NA,NA,NA,NA,NA,NA,NA,NA,96,33.4,NA,NA,NA,NA,NA,NA,NA,NA,NA,-1.2
2022,"Tulsa","American Athletic",-6.1,87,NA,NA,44,32.7,NA,NA,NA,NA,NA,NA,NA,NA,117,38.5,NA,NA,NA,NA,NA,NA,NA,NA,NA,-0.3
2022,"Georgia Southern","Sun Belt",-6.4,88,NA,NA,35,34.3,NA,NA,NA,NA,NA,NA,NA,NA,124,40.3,NA,NA,NA,NA,NA,NA,NA,NA,NA,-0.4
2022,"Middle Tennessee","Conference USA",-6.9,89,NA,NA,71,25.6,NA,NA,NA,NA,NA,NA,NA,NA,95,33.3,NA,NA,NA,NA,NA,NA,NA,NA,NA,0.8
2022,"Indiana","Big Ten",-7.1,90,NA,NA,58,29.9,NA,NA,NA,NA,NA,NA,NA,NA,110,36.6,NA,NA,NA,NA,NA,NA,NA,NA,NA,-0.4
2022,"Eastern Michigan","Mid-American",-7.1,90,NA,NA,85,24,NA,NA,NA,NA,NA,NA,NA,NA,92,32.4,NA,NA,NA,NA,NA,NA,NA,NA,NA,1.3
2022,"Florida Atlantic","American Athletic",-7.1,90,NA,NA,81,24.4,NA,NA,NA,NA,NA,NA,NA,NA,86,30.4,NA,NA,NA,NA,NA,NA,NA,NA,NA,-1.1
2022,"Stanford","ACC",-7.2,93,NA,NA,71,25.6,NA,NA,NA,NA,NA,NA,NA,NA,100,34.2,NA,NA,NA,NA,NA,NA,NA,NA,NA,1.5
2022,"Navy","American Athletic",-7.2,93,NA,NA,106,18.2,NA,NA,NA,NA,NA,NA,NA,NA,46,24.4,NA,NA,NA,NA,NA,NA,NA,NA,NA,-1.1
2022,"Virginia","ACC",-9,95,NA,NA,116,16.2,NA,NA,NA,NA,NA,NA,NA,NA,46,24.4,NA,NA,NA,NA,NA,NA,NA,NA,NA,-0.7
2022,"Rutgers","Big Ten",-9.1,96,NA,NA,113,16.4,NA,NA,NA,NA,NA,NA,NA,NA,52,25.2,NA,NA,NA,NA,NA,NA,NA,NA,NA,-0.3
2022,"Buffalo","Mid-American",-9.2,97,NA,NA,79,25,NA,NA,NA,NA,NA,NA,NA,NA,103,35,NA,NA,NA,NA,NA,NA,NA,NA,NA,0.8
2022,"Virginia Tech","ACC",-9.5,98,NA,NA,125,13.5,NA,NA,NA,NA,NA,NA,NA,NA,41,22.8,NA,NA,NA,NA,NA,NA,NA,NA,NA,-0.3
2022,"UTEP","Mountain West",-10.7,99,NA,NA,96,20.8,NA,NA,NA,NA,NA,NA,NA,NA,94,32.7,NA,NA,NA,NA,NA,NA,NA,NA,NA,1.2
2022,"Wyoming","Mountain West",-10.8,100,NA,NA,123,14.9,NA,NA,NA,NA,NA,NA,NA,NA,62,26.2,NA,NA,NA,NA,NA,NA,NA,NA,NA,0.5
2022,"Texas State","Pac-12",-11.5,101,NA,NA,109,17.4,NA,NA,NA,NA,NA,NA,NA,NA,78,29.5,NA,NA,NA,NA,NA,NA,NA,NA,NA,0.7
2022,"Georgia Tech","ACC",-11.8,102,NA,NA,103,18.8,NA,NA,NA,NA,NA,NA,NA,NA,78,29.5,NA,NA,NA,NA,NA,NA,NA,NA,NA,-1.1
2022,"UNLV","Mountain West",-11.9,103,NA,NA,96,20.8,NA,NA,NA,NA,NA,NA,NA,NA,98,34.1,NA,NA,NA,NA,NA,NA,NA,NA,NA,1.3
2022,"Miami (OH)","Mid-American",-12.7,104,NA,NA,128,8.6,NA,NA,NA,NA,NA,NA,NA,NA,38,22.1,NA,NA,NA,NA,NA,NA,NA,NA,NA,0.7
2022,"Temple","American Athletic",-12.9,105,NA,NA,114,16.3,NA,NA,NA,NA,NA,NA,NA,NA,72,28.6,NA,NA,NA,NA,NA,NA,NA,NA,NA,-0.5
2022,"Arkansas State","Sun Belt",-13,106,NA,NA,89,23.7,NA,NA,NA,NA,NA,NA,NA,NA,117,38.5,NA,NA,NA,NA,NA,NA,NA,NA,NA,1.8
2022,"Old Dominion","Sun Belt",-13,106,NA,NA,111,16.9,NA,NA,NA,NA,NA,NA,NA,NA,77,29.3,NA,NA,NA,NA,NA,NA,NA,NA,NA,-0.6
2022,"Kent State","Mid-American",-13.1,108,NA,NA,71,25.6,NA,NA,NA,NA,NA,NA,NA,NA,114,37.9,NA,NA,NA,NA,NA,NA,NA,NA,NA,-0.7
2022,"Utah State","Pac-12",-13.3,109,NA,NA,75,25.4,NA,NA,NA,NA,NA,NA,NA,NA,117,38.5,NA,NA,NA,NA,NA,NA,NA,NA,NA,-0.2
2022,"Northwestern","Big Ten",-13.4,110,NA,NA,110,17,NA,NA,NA,NA,NA,NA,NA,NA,72,28.6,NA,NA,NA,NA,NA,NA,NA,NA,NA,-1.7
2022,"Central Michigan","Mid-American",-14,111,NA,NA,102,19,NA,NA,NA,NA,NA,NA,NA,NA,91,32.2,NA,NA,NA,NA,NA,NA,NA,NA,NA,-0.8
2022,"UConn","FBS Independents",-14.6,112,NA,NA,124,14.2,NA,NA,NA,NA,NA,NA,NA,NA,68,27.9,NA,NA,NA,NA,NA,NA,NA,NA,NA,-0.9
2022,"Boston College","ACC",-14.9,113,NA,NA,99,20.4,NA,NA,NA,NA,NA,NA,NA,NA,97,33.8,NA,NA,NA,NA,NA,NA,NA,NA,NA,-1.5
2022,"Ball State","Mid-American",-14.9,113,NA,NA,117,16,NA,NA,NA,NA,NA,NA,NA,NA,83,30.1,NA,NA,NA,NA,NA,NA,NA,NA,NA,-0.7
2022,"Rice","American Athletic",-15.2,115,NA,NA,94,23.1,NA,NA,NA,NA,NA,NA,NA,NA,111,36.9,NA,NA,NA,NA,NA,NA,NA,NA,NA,-1.4
2022,"New Mexico State","Conference USA",-15.4,116,NA,NA,126,12,NA,NA,NA,NA,NA,NA,NA,NA,60,26,NA,NA,NA,NA,NA,NA,NA,NA,NA,-1.4
2022,"UL Monroe","Sun Belt",-15.7,117,NA,NA,91,23.2,NA,NA,NA,NA,NA,NA,NA,NA,121,39,NA,NA,NA,NA,NA,NA,NA,NA,NA,0.2
2022,"Charlotte","American Athletic",-16.4,118,NA,NA,85,24,NA,NA,NA,NA,NA,NA,NA,NA,122,39.2,NA,NA,NA,NA,NA,NA,NA,NA,NA,-1.2
2022,"South Florida","American Athletic",-17,119,NA,NA,38,34.1,NA,NA,NA,NA,NA,NA,NA,NA,131,50.3,NA,NA,NA,NA,NA,NA,NA,NA,NA,-0.8
2022,"Western Michigan","Mid-American",-17.3,120,NA,NA,127,11.2,NA,NA,NA,NA,NA,NA,NA,NA,67,27.3,NA,NA,NA,NA,NA,NA,NA,NA,NA,-1.1
2022,"Louisiana Tech","Conference USA",-17.8,121,NA,NA,60,29.6,NA,NA,NA,NA,NA,NA,NA,NA,130,47,NA,NA,NA,NA,NA,NA,NA,NA,NA,-0.4
2022,"Bowling Green","Mid-American",-18.1,122,NA,NA,88,23.8,NA,NA,NA,NA,NA,NA,NA,NA,125,40.6,NA,NA,NA,NA,NA,NA,NA,NA,NA,-1.2
2022,"Northern Illinois","Mountain West",-18.8,123,NA,NA,77,25.3,NA,NA,NA,NA,NA,NA,NA,NA,128,43.1,NA,NA,NA,NA,NA,NA,NA,NA,NA,-1
2022,"Colorado","Big 12",-20.4,124,NA,NA,85,24,NA,NA,NA,NA,NA,NA,NA,NA,129,45,NA,NA,NA,NA,NA,NA,NA,NA,NA,0.7
2022,"Colorado State","Pac-12",-22.2,125,NA,NA,129,7.8,NA,NA,NA,NA,NA,NA,NA,NA,76,29,NA,NA,NA,NA,NA,NA,NA,NA,NA,-1
2022,"Nevada","Mountain West",-22.4,126,NA,NA,119,15.9,NA,NA,NA,NA,NA,NA,NA,NA,113,37.8,NA,NA,NA,NA,NA,NA,NA,NA,NA,-0.5
2022,"Akron","Mid-American",-23.4,127,NA,NA,112,16.7,NA,NA,NA,NA,NA,NA,NA,NA,117,38.5,NA,NA,NA,NA,NA,NA,NA,NA,NA,-1.6
2022,"Hawai'i","Mountain West",-24.7,128,NA,NA,120,15.8,NA,NA,NA,NA,NA,NA,NA,NA,123,39.4,NA,NA,NA,NA,NA,NA,NA,NA,NA,-1.1
2022,"Florida International","Conference USA",-25.5,129,NA,NA,104,18.4,NA,NA,NA,NA,NA,NA,NA,NA,127,42.3,NA,NA,NA,NA,NA,NA,NA,NA,NA,-1.6
2022,"New Mexico","Mountain West",-26.9,130,NA,NA,131,6,NA,NA,NA,NA,NA,NA,NA,NA,90,31.9,NA,NA,NA,NA,NA,NA,NA,NA,NA,-1
2022,"Massachusetts","Mid-American",-30.3,131,NA,NA,130,7.5,NA,NA,NA,NA,NA,NA,NA,NA,109,36.4,NA,NA,NA,NA,NA,NA,NA,NA,NA,-1.4
2022,"nationalAverages",NA,0.814503816793893,NA,NA,NA,NA,27.769465648855,NA,NA,NA,NA,NA,NA,NA,NA,NA,26.9595419847328,NA,NA,NA,NA,NA,NA,NA,NA,NA,0.000763358778625954
2023,"Michigan","Big Ten",31.3,1,NA,NA,12,36.6,NA,NA,NA,NA,NA,NA,NA,NA,1,7.2,NA,NA,NA,NA,NA,NA,NA,NA,NA,1.8
2023,"Georgia","SEC",31.2,2,NA,NA,4,41.5,NA,NA,NA,NA,NA,NA,NA,NA,5,12.2,NA,NA,NA,NA,NA,NA,NA,NA,NA,1.9
2023,"Oregon","Big Ten",26.2,3,NA,NA,1,45,NA,NA,NA,NA,NA,NA,NA,NA,16,18.2,NA,NA,NA,NA,NA,NA,NA,NA,NA,-0.5
2023,"Ohio State","Big Ten",25.2,4,NA,NA,34,31.5,NA,NA,NA,NA,NA,NA,NA,NA,2,7.8,NA,NA,NA,NA,NA,NA,NA,NA,NA,1.5
2023,"Penn State","Big Ten",23.5,5,NA,NA,29,32.7,NA,NA,NA,NA,NA,NA,NA,NA,4,10.5,NA,NA,NA,NA,NA,NA,NA,NA,NA,1.3
2023,"Texas","SEC",23.2,6,NA,NA,6,39.3,NA,NA,NA,NA,NA,NA,NA,NA,12,17.7,NA,NA,NA,NA,NA,NA,NA,NA,NA,1.6
2023,"Alabama","SEC",23.1,7,NA,NA,11,36.8,NA,NA,NA,NA,NA,NA,NA,NA,8,15.6,NA,NA,NA,NA,NA,NA,NA,NA,NA,2
2023,"Notre Dame","FBS Independents",20.1,8,NA,NA,14,36.3,NA,NA,NA,NA,NA,NA,NA,NA,10,16.7,NA,NA,NA,NA,NA,NA,NA,NA,NA,0.5
2023,"Florida State","ACC",19.4,9,NA,NA,22,34.1,NA,NA,NA,NA,NA,NA,NA,NA,9,16.5,NA,NA,NA,NA,NA,NA,NA,NA,NA,1.8
2023,"Missouri","SEC",19.3,10,NA,NA,13,36.5,NA,NA,NA,NA,NA,NA,NA,NA,14,18,NA,NA,NA,NA,NA,NA,NA,NA,NA,0.8
2023,"LSU","SEC",19.1,11,NA,NA,2,44.6,NA,NA,NA,NA,NA,NA,NA,NA,52,25,NA,NA,NA,NA,NA,NA,NA,NA,NA,-0.5
2023,"Ole Miss","SEC",18.4,12,NA,NA,14,36.3,NA,NA,NA,NA,NA,NA,NA,NA,22,19.2,NA,NA,NA,NA,NA,NA,NA,NA,NA,1.3
2023,"Washington","Big Ten",16.4,13,NA,NA,5,40.3,NA,NA,NA,NA,NA,NA,NA,NA,49,24.7,NA,NA,NA,NA,NA,NA,NA,NA,NA,0.8
2023,"Tennessee","SEC",16.2,14,NA,NA,18,34.9,NA,NA,NA,NA,NA,NA,NA,NA,22,19.2,NA,NA,NA,NA,NA,NA,NA,NA,NA,0.6
2023,"Kansas State","Big 12",16.2,14,NA,NA,7,38.9,NA,NA,NA,NA,NA,NA,NA,NA,33,21.8,NA,NA,NA,NA,NA,NA,NA,NA,NA,-0.8
2023,"Texas A&M","SEC",15.6,16,NA,NA,20,34.5,NA,NA,NA,NA,NA,NA,NA,NA,20,18.8,NA,NA,NA,NA,NA,NA,NA,NA,NA,-0.1
2023,"Oklahoma","SEC",15,17,NA,NA,8,38.5,NA,NA,NA,NA,NA,NA,NA,NA,38,22.6,NA,NA,NA,NA,NA,NA,NA,NA,NA,-1
2023,"Arizona","Big 12",14.1,18,NA,NA,9,37.3,NA,NA,NA,NA,NA,NA,NA,NA,40,23.1,NA,NA,NA,NA,NA,NA,NA,NA,NA,-0.2
2023,"Oregon State","Pac-12",12.6,19,NA,NA,26,33.2,NA,NA,NA,NA,NA,NA,NA,NA,35,22.3,NA,NA,NA,NA,NA,NA,NA,NA,NA,1.7
2023,"James Madison","Sun Belt",11.8,20,NA,NA,19,34.6,NA,NA,NA,NA,NA,NA,NA,NA,43,23.7,NA,NA,NA,NA,NA,NA,NA,NA,NA,1
2023,"Maryland","Big Ten",11,21,NA,NA,56,28.3,NA,NA,NA,NA,NA,NA,NA,NA,11,17.6,NA,NA,NA,NA,NA,NA,NA,NA,NA,0.4
2023,"Kentucky","SEC",10.5,22,NA,NA,33,31.6,NA,NA,NA,NA,NA,NA,NA,NA,34,22.2,NA,NA,NA,NA,NA,NA,NA,NA,NA,1.1
2023,"Clemson","ACC",10.5,22,NA,NA,51,29.3,NA,NA,NA,NA,NA,NA,NA,NA,21,19,NA,NA,NA,NA,NA,NA,NA,NA,NA,0.2
2023,"SMU","ACC",10.1,24,NA,NA,22,34.1,NA,NA,NA,NA,NA,NA,NA,NA,39,23,NA,NA,NA,NA,NA,NA,NA,NA,NA,-1.1
2023,"Kansas","Big 12",9.9,25,NA,NA,17,35.6,NA,NA,NA,NA,NA,NA,NA,NA,61,26.1,NA,NA,NA,NA,NA,NA,NA,NA,NA,0.4
2023,"Troy","Sun Belt",9.8,26,NA,NA,41,30.7,NA,NA,NA,NA,NA,NA,NA,NA,27,20.1,NA,NA,NA,NA,NA,NA,NA,NA,NA,-0.8
2023,"UCLA","Big Ten",9.7,27,NA,NA,47,29.6,NA,NA,NA,NA,NA,NA,NA,NA,17,18.4,NA,NA,NA,NA,NA,NA,NA,NA,NA,-1.5
2023,"Miami","ACC",9.6,28,NA,NA,41,30.7,NA,NA,NA,NA,NA,NA,NA,NA,40,23.1,NA,NA,NA,NA,NA,NA,NA,NA,NA,1.9
2023,"Duke","ACC",9.4,29,NA,NA,63,27.3,NA,NA,NA,NA,NA,NA,NA,NA,25,19.5,NA,NA,NA,NA,NA,NA,NA,NA,NA,1.5
2023,"USC","Big Ten",9.4,29,NA,NA,3,43.3,NA,NA,NA,NA,NA,NA,NA,NA,105,32.8,NA,NA,NA,NA,NA,NA,NA,NA,NA,-1.2
2023,"Wisconsin","Big Ten",9.4,29,NA,NA,86,22.2,NA,NA,NA,NA,NA,NA,NA,NA,7,14.1,NA,NA,NA,NA,NA,NA,NA,NA,NA,1.3
2023,"Utah","Big 12",8.5,32,NA,NA,65,26.7,NA,NA,NA,NA,NA,NA,NA,NA,24,19.4,NA,NA,NA,NA,NA,NA,NA,NA,NA,1.2
2023,"Liberty","Conference USA",8,33,NA,NA,16,36.2,NA,NA,NA,NA,NA,NA,NA,NA,64,26.3,NA,NA,NA,NA,NA,NA,NA,NA,NA,-1.9
2023,"Louisville","ACC",8,33,NA,NA,46,30.1,NA,NA,NA,NA,NA,NA,NA,NA,35,22.3,NA,NA,NA,NA,NA,NA,NA,NA,NA,0.2
2023,"TCU","Big 12",7.9,35,NA,NA,24,33.5,NA,NA,NA,NA,NA,NA,NA,NA,54,25.3,NA,NA,NA,NA,NA,NA,NA,NA,NA,-0.3
2023,"Auburn","SEC",7.6,36,NA,NA,67,26.4,NA,NA,NA,NA,NA,NA,NA,NA,27,20.1,NA,NA,NA,NA,NA,NA,NA,NA,NA,1.3
2023,"Iowa State","Big 12",7.5,37,NA,NA,67,26.4,NA,NA,NA,NA,NA,NA,NA,NA,27,20.1,NA,NA,NA,NA,NA,NA,NA,NA,NA,1.1
2023,"West Virginia","Big 12",7.5,37,NA,NA,34,31.5,NA,NA,NA,NA,NA,NA,NA,NA,48,24.6,NA,NA,NA,NA,NA,NA,NA,NA,NA,0.5
2023,"NC State","ACC",7.4,39,NA,NA,73,25.5,NA,NA,NA,NA,NA,NA,NA,NA,26,19.7,NA,NA,NA,NA,NA,NA,NA,NA,NA,1.6
2023,"North Carolina","ACC",7.4,39,NA,NA,21,34.4,NA,NA,NA,NA,NA,NA,NA,NA,78,27.8,NA,NA,NA,NA,NA,NA,NA,NA,NA,0.8
2023,"Florida","SEC",6.8,41,NA,NA,38,31.1,NA,NA,NA,NA,NA,NA,NA,NA,58,26,NA,NA,NA,NA,NA,NA,NA,NA,NA,1.7
2023,"Oklahoma State","Big 12",6.7,42,NA,NA,28,32.8,NA,NA,NA,NA,NA,NA,NA,NA,69,27.1,NA,NA,NA,NA,NA,NA,NA,NA,NA,1
2023,"Texas Tech","Big 12",6.1,43,NA,NA,47,29.6,NA,NA,NA,NA,NA,NA,NA,NA,49,24.7,NA,NA,NA,NA,NA,NA,NA,NA,NA,1.2
2023,"Boise State","Pac-12",5.9,44,NA,NA,29,32.7,NA,NA,NA,NA,NA,NA,NA,NA,82,28.2,NA,NA,NA,NA,NA,NA,NA,NA,NA,1.4
2023,"Air Force","Mountain West",5.9,44,NA,NA,71,25.6,NA,NA,NA,NA,NA,NA,NA,NA,30,20.9,NA,NA,NA,NA,NA,NA,NA,NA,NA,1.2
2023,"Virginia Tech","ACC",5.8,46,NA,NA,62,27.5,NA,NA,NA,NA,NA,NA,NA,NA,42,23.3,NA,NA,NA,NA,NA,NA,NA,NA,NA,1.7
2023,"Iowa","Big Ten",5.8,46,NA,NA,129,13.8,NA,NA,NA,NA,NA,NA,NA,NA,3,9.3,NA,NA,NA,NA,NA,NA,NA,NA,NA,1.3
2023,"UTSA","American Athletic",5.4,48,NA,NA,36,31.3,NA,NA,NA,NA,NA,NA,NA,NA,74,27.3,NA,NA,NA,NA,NA,NA,NA,NA,NA,1.4
2023,"South Alabama","Sun Belt",5.1,49,NA,NA,43,30.6,NA,NA,NA,NA,NA,NA,NA,NA,58,26,NA,NA,NA,NA,NA,NA,NA,NA,NA,0.5
2023,"Washington State","Pac-12",4.9,50,NA,NA,39,31,NA,NA,NA,NA,NA,NA,NA,NA,75,27.4,NA,NA,NA,NA,NA,NA,NA,NA,NA,1.4
2023,"South Carolina","SEC",4.3,51,NA,NA,58,28.2,NA,NA,NA,NA,NA,NA,NA,NA,55,25.6,NA,NA,NA,NA,NA,NA,NA,NA,NA,1.7
2023,"App State","Sun Belt",3.8,52,NA,NA,24,33.5,NA,NA,NA,NA,NA,NA,NA,NA,95,30.7,NA,NA,NA,NA,NA,NA,NA,NA,NA,0.9
2023,"Toledo","Mid-American",3.7,53,NA,NA,73,25.5,NA,NA,NA,NA,NA,NA,NA,NA,32,21.7,NA,NA,NA,NA,NA,NA,NA,NA,NA,-0.1
2023,"Memphis","American Athletic",3.5,54,NA,NA,10,37.1,NA,NA,NA,NA,NA,NA,NA,NA,110,33.8,NA,NA,NA,NA,NA,NA,NA,NA,NA,0.3
2023,"Rutgers","Big Ten",3.5,54,NA,NA,97,21,NA,NA,NA,NA,NA,NA,NA,NA,19,18.7,NA,NA,NA,NA,NA,NA,NA,NA,NA,1.2
2023,"Arkansas","SEC",3.5,54,NA,NA,56,28.3,NA,NA,NA,NA,NA,NA,NA,NA,66,26.6,NA,NA,NA,NA,NA,NA,NA,NA,NA,1.8
2023,"UCF","Big 12",3.4,57,NA,NA,45,30.3,NA,NA,NA,NA,NA,NA,NA,NA,53,25.2,NA,NA,NA,NA,NA,NA,NA,NA,NA,-1.7
2023,"Tulane","American Athletic",2.8,58,NA,NA,66,26.5,NA,NA,NA,NA,NA,NA,NA,NA,47,24.4,NA,NA,NA,NA,NA,NA,NA,NA,NA,0.8
2023,"Miami (OH)","Mid-American",2.8,58,NA,NA,111,18.5,NA,NA,NA,NA,NA,NA,NA,NA,12,17.7,NA,NA,NA,NA,NA,NA,NA,NA,NA,2
2023,"Fresno State","Pac-12",2.5,60,NA,NA,52,28.9,NA,NA,NA,NA,NA,NA,NA,NA,79,27.9,NA,NA,NA,NA,NA,NA,NA,NA,NA,1.5
2023,"UNLV","Mountain West",1.4,61,NA,NA,32,32.1,NA,NA,NA,NA,NA,NA,NA,NA,104,32.7,NA,NA,NA,NA,NA,NA,NA,NA,NA,1.9
2023,"Mississippi State","SEC",0.5,62,NA,NA,77,24.7,NA,NA,NA,NA,NA,NA,NA,NA,51,24.9,NA,NA,NA,NA,NA,NA,NA,NA,NA,0.7
2023,"Louisiana","Sun Belt",0.4,63,NA,NA,31,32.4,NA,NA,NA,NA,NA,NA,NA,NA,107,33.1,NA,NA,NA,NA,NA,NA,NA,NA,NA,1.1
2023,"Minnesota","Big Ten",0.4,63,NA,NA,103,20,NA,NA,NA,NA,NA,NA,NA,NA,31,21.1,NA,NA,NA,NA,NA,NA,NA,NA,NA,1.5
2023,"Georgia Tech","ACC",0.3,65,NA,NA,50,29.4,NA,NA,NA,NA,NA,NA,NA,NA,86,29.1,NA,NA,NA,NA,NA,NA,NA,NA,NA,0.1
2023,"Nebraska","Big Ten",0.3,65,NA,NA,123,15.6,NA,NA,NA,NA,NA,NA,NA,NA,6,13.9,NA,NA,NA,NA,NA,NA,NA,NA,NA,-1.4
2023,"California","ACC",-0.1,67,NA,NA,43,30.6,NA,NA,NA,NA,NA,NA,NA,NA,84,28.7,NA,NA,NA,NA,NA,NA,NA,NA,NA,-2
2023,"Coastal Carolina","Sun Belt",-1.2,68,NA,NA,61,27.6,NA,NA,NA,NA,NA,NA,NA,NA,71,27.2,NA,NA,NA,NA,NA,NA,NA,NA,NA,-1.6
2023,"Northwestern","Big Ten",-1.3,69,NA,NA,111,18.5,NA,NA,NA,NA,NA,NA,NA,NA,18,18.5,NA,NA,NA,NA,NA,NA,NA,NA,NA,-1.3
2023,"Jacksonville State","Conference USA",-1.6,70,NA,NA,76,24.8,NA,NA,NA,NA,NA,NA,NA,NA,57,25.9,NA,NA,NA,NA,NA,NA,NA,NA,NA,-0.6
2023,"Ohio","Mid-American",-1.6,70,NA,NA,111,18.5,NA,NA,NA,NA,NA,NA,NA,NA,15,18.1,NA,NA,NA,NA,NA,NA,NA,NA,NA,-2
2023,"Texas State","Pac-12",-1.6,70,NA,NA,37,31.2,NA,NA,NA,NA,NA,NA,NA,NA,110,33.8,NA,NA,NA,NA,NA,NA,NA,NA,NA,0.9
2023,"New Mexico State","Conference USA",-1.8,73,NA,NA,83,23.3,NA,NA,NA,NA,NA,NA,NA,NA,56,25.8,NA,NA,NA,NA,NA,NA,NA,NA,NA,0.7
2023,"Western Kentucky","Conference USA",-2,74,NA,NA,53,28.7,NA,NA,NA,NA,NA,NA,NA,NA,91,30.1,NA,NA,NA,NA,NA,NA,NA,NA,NA,-0.7
2023,"Illinois","Big Ten",-2.5,75,NA,NA,92,21.6,NA,NA,NA,NA,NA,NA,NA,NA,45,24.1,NA,NA,NA,NA,NA,NA,NA,NA,NA,-0.1
2023,"BYU","Big 12",-3.3,76,NA,NA,75,25.3,NA,NA,NA,NA,NA,NA,NA,NA,94,30.3,NA,NA,NA,NA,NA,NA,NA,NA,NA,1.7
2023,"San José State","Mountain West",-3.4,77,NA,NA,60,28.1,NA,NA,NA,NA,NA,NA,NA,NA,87,29.5,NA,NA,NA,NA,NA,NA,NA,NA,NA,-2
2023,"Wyoming","Mountain West",-3.6,78,NA,NA,81,23.5,NA,NA,NA,NA,NA,NA,NA,NA,61,26.1,NA,NA,NA,NA,NA,NA,NA,NA,NA,-1
2023,"Army","American Athletic",-4,79,NA,NA,114,18.4,NA,NA,NA,NA,NA,NA,NA,NA,37,22.5,NA,NA,NA,NA,NA,NA,NA,NA,NA,0.1
2023,"Syracuse","ACC",-4.4,80,NA,NA,86,22.2,NA,NA,NA,NA,NA,NA,NA,NA,61,26.1,NA,NA,NA,NA,NA,NA,NA,NA,NA,-0.5
2023,"Colorado","Big 12",-4.9,81,NA,NA,47,29.6,NA,NA,NA,NA,NA,NA,NA,NA,113,34.4,NA,NA,NA,NA,NA,NA,NA,NA,NA,-0.1
2023,"Georgia Southern","Sun Belt",-5.2,82,NA,NA,40,30.8,NA,NA,NA,NA,NA,NA,NA,NA,126,36.5,NA,NA,NA,NA,NA,NA,NA,NA,NA,0.5
2023,"Boston College","ACC",-5.9,83,NA,NA,86,22.2,NA,NA,NA,NA,NA,NA,NA,NA,77,27.6,NA,NA,NA,NA,NA,NA,NA,NA,NA,-0.5
2023,"Arkansas State","Sun Belt",-6.3,84,NA,NA,70,25.8,NA,NA,NA,NA,NA,NA,NA,NA,105,32.8,NA,NA,NA,NA,NA,NA,NA,NA,NA,0.7
2023,"South Florida","American Athletic",-6.6,85,NA,NA,55,28.4,NA,NA,NA,NA,NA,NA,NA,NA,116,34.5,NA,NA,NA,NA,NA,NA,NA,NA,NA,-0.4
2023,"North Texas","American Athletic",-6.7,86,NA,NA,27,32.9,NA,NA,NA,NA,NA,NA,NA,NA,133,41.3,NA,NA,NA,NA,NA,NA,NA,NA,NA,1.7
2023,"Cincinnati","Big 12",-6.8,87,NA,NA,96,21.3,NA,NA,NA,NA,NA,NA,NA,NA,83,28.3,NA,NA,NA,NA,NA,NA,NA,NA,NA,0.2
2023,"Georgia State","Sun Belt",-6.8,87,NA,NA,58,28.2,NA,NA,NA,NA,NA,NA,NA,NA,109,33.3,NA,NA,NA,NA,NA,NA,NA,NA,NA,-1.7
2023,"Michigan State","Big Ten",-6.8,87,NA,NA,122,15.7,NA,NA,NA,NA,NA,NA,NA,NA,44,24,NA,NA,NA,NA,NA,NA,NA,NA,NA,1.6
2023,"Pittsburgh","ACC",-7.3,90,NA,NA,108,19.3,NA,NA,NA,NA,NA,NA,NA,NA,58,26,NA,NA,NA,NA,NA,NA,NA,NA,NA,-0.6
2023,"Purdue","Big Ten",-7.3,90,NA,NA,91,21.8,NA,NA,NA,NA,NA,NA,NA,NA,69,27.1,NA,NA,NA,NA,NA,NA,NA,NA,NA,-2
2023,"Indiana","Big Ten",-7.4,92,NA,NA,105,19.6,NA,NA,NA,NA,NA,NA,NA,NA,71,27.2,NA,NA,NA,NA,NA,NA,NA,NA,NA,0.3
2023,"Northern Illinois","Mountain West",-7.5,93,NA,NA,115,18.3,NA,NA,NA,NA,NA,NA,NA,NA,46,24.2,NA,NA,NA,NA,NA,NA,NA,NA,NA,-1.7
2023,"Houston","Big 12",-7.8,94,NA,NA,71,25.6,NA,NA,NA,NA,NA,NA,NA,NA,102,32.2,NA,NA,NA,NA,NA,NA,NA,NA,NA,-1.2
2023,"Bowling Green","Mid-American",-7.8,94,NA,NA,93,21.5,NA,NA,NA,NA,NA,NA,NA,NA,75,27.4,NA,NA,NA,NA,NA,NA,NA,NA,NA,-1.8
2023,"Wake Forest","ACC",-7.9,96,NA,NA,101,20.2,NA,NA,NA,NA,NA,NA,NA,NA,68,26.9,NA,NA,NA,NA,NA,NA,NA,NA,NA,-1.2
2023,"Baylor","Big 12",-8.3,97,NA,NA,78,24.5,NA,NA,NA,NA,NA,NA,NA,NA,103,32.6,NA,NA,NA,NA,NA,NA,NA,NA,NA,-0.2
2023,"Colorado State","Pac-12",-8.9,98,NA,NA,90,21.9,NA,NA,NA,NA,NA,NA,NA,NA,100,32,NA,NA,NA,NA,NA,NA,NA,NA,NA,1.2
2023,"Marshall","Sun Belt",-9,99,NA,NA,79,24.4,NA,NA,NA,NA,NA,NA,NA,NA,98,31.5,NA,NA,NA,NA,NA,NA,NA,NA,NA,-1.8
2023,"Florida Atlantic","American Athletic",-9.4,100,NA,NA,104,19.8,NA,NA,NA,NA,NA,NA,NA,NA,79,27.9,NA,NA,NA,NA,NA,NA,NA,NA,NA,-1.2
2023,"Middle Tennessee","Conference USA",-9.5,101,NA,NA,93,21.5,NA,NA,NA,NA,NA,NA,NA,NA,90,30,NA,NA,NA,NA,NA,NA,NA,NA,NA,-1
2023,"Old Dominion","Sun Belt",-10.1,102,NA,NA,84,23.1,NA,NA,NA,NA,NA,NA,NA,NA,97,31.3,NA,NA,NA,NA,NA,NA,NA,NA,NA,-1.9
2023,"Rice","American Athletic",-10.2,103,NA,NA,69,26,NA,NA,NA,NA,NA,NA,NA,NA,113,34.4,NA,NA,NA,NA,NA,NA,NA,NA,NA,-1.8
2023,"San Diego State","Pac-12",-10.3,104,NA,NA,106,19.4,NA,NA,NA,NA,NA,NA,NA,NA,93,30.2,NA,NA,NA,NA,NA,NA,NA,NA,NA,0.5
2023,"Virginia","ACC",-10.8,105,NA,NA,97,21,NA,NA,NA,NA,NA,NA,NA,NA,99,31.7,NA,NA,NA,NA,NA,NA,NA,NA,NA,-0.1
2023,"Utah State","Pac-12",-10.9,106,NA,NA,54,28.6,NA,NA,NA,NA,NA,NA,NA,NA,131,38.6,NA,NA,NA,NA,NA,NA,NA,NA,NA,-0.9
2023,"Arizona State","Big 12",-11.3,107,NA,NA,101,20.2,NA,NA,NA,NA,NA,NA,NA,NA,89,29.9,NA,NA,NA,NA,NA,NA,NA,NA,NA,-1.6
2023,"Stanford","ACC",-11.9,108,NA,NA,95,21.4,NA,NA,NA,NA,NA,NA,NA,NA,116,34.5,NA,NA,NA,NA,NA,NA,NA,NA,NA,1.1
2023,"Eastern Michigan","Mid-American",-12.3,109,NA,NA,130,13,NA,NA,NA,NA,NA,NA,NA,NA,67,26.8,NA,NA,NA,NA,NA,NA,NA,NA,NA,1.5
2023,"Vanderbilt","SEC",-12.7,110,NA,NA,80,23.6,NA,NA,NA,NA,NA,NA,NA,NA,124,36.3,NA,NA,NA,NA,NA,NA,NA,NA,NA,-0.1
2023,"East Carolina","American Athletic",-12.8,111,NA,NA,124,15.4,NA,NA,NA,NA,NA,NA,NA,NA,81,28.1,NA,NA,NA,NA,NA,NA,NA,NA,NA,-0.1
2023,"Louisiana Tech","Conference USA",-12.9,112,NA,NA,89,22.1,NA,NA,NA,NA,NA,NA,NA,NA,122,36,NA,NA,NA,NA,NA,NA,NA,NA,NA,1
2023,"Tulsa","American Athletic",-13.7,113,NA,NA,99,20.9,NA,NA,NA,NA,NA,NA,NA,NA,118,34.7,NA,NA,NA,NA,NA,NA,NA,NA,NA,0.1
2023,"Navy","American Athletic",-13.7,113,NA,NA,126,15,NA,NA,NA,NA,NA,NA,NA,NA,71,27.2,NA,NA,NA,NA,NA,NA,NA,NA,NA,-1.5
2023,"Sam Houston","Conference USA",-13.8,115,NA,NA,120,16,NA,NA,NA,NA,NA,NA,NA,NA,85,28.8,NA,NA,NA,NA,NA,NA,NA,NA,NA,-1.1
2023,"Southern Miss","Sun Belt",-14.4,116,NA,NA,81,23.5,NA,NA,NA,NA,NA,NA,NA,NA,125,36.4,NA,NA,NA,NA,NA,NA,NA,NA,NA,-1.5
2023,"UAB","American Athletic",-14.7,117,NA,NA,64,26.9,NA,NA,NA,NA,NA,NA,NA,NA,132,39.6,NA,NA,NA,NA,NA,NA,NA,NA,NA,-2.1
2023,"Ball State","Mid-American",-14.9,118,NA,NA,131,12.6,NA,NA,NA,NA,NA,NA,NA,NA,64,26.3,NA,NA,NA,NA,NA,NA,NA,NA,NA,-1.1
2023,"Buffalo","Mid-American",-15.2,119,NA,NA,125,15.3,NA,NA,NA,NA,NA,NA,NA,NA,87,29.5,NA,NA,NA,NA,NA,NA,NA,NA,NA,-1
2023,"UConn","FBS Independents",-15.6,120,NA,NA,117,17,NA,NA,NA,NA,NA,NA,NA,NA,96,31,NA,NA,NA,NA,NA,NA,NA,NA,NA,-1.6
2023,"Western Michigan","Mid-American",-15.9,121,NA,NA,109,19.1,NA,NA,NA,NA,NA,NA,NA,NA,108,33.2,NA,NA,NA,NA,NA,NA,NA,NA,NA,-1.9
2023,"UTEP","Mountain West",-16.2,122,NA,NA,118,16.9,NA,NA,NA,NA,NA,NA,NA,NA,100,32,NA,NA,NA,NA,NA,NA,NA,NA,NA,-1.2
2023,"Hawai'i","Mountain West",-16.4,123,NA,NA,106,19.4,NA,NA,NA,NA,NA,NA,NA,NA,121,35.7,NA,NA,NA,NA,NA,NA,NA,NA,NA,-0.1
2023,"New Mexico","Mountain West",-16.5,124,NA,NA,85,22.5,NA,NA,NA,NA,NA,NA,NA,NA,128,37.2,NA,NA,NA,NA,NA,NA,NA,NA,NA,-1.8
2023,"Massachusetts","Mid-American",-17.5,125,NA,NA,100,20.8,NA,NA,NA,NA,NA,NA,NA,NA,123,36.2,NA,NA,NA,NA,NA,NA,NA,NA,NA,-2.1
2023,"Central Michigan","Mid-American",-19.1,126,NA,NA,119,16.8,NA,NA,NA,NA,NA,NA,NA,NA,112,34,NA,NA,NA,NA,NA,NA,NA,NA,NA,-1.9
2023,"Temple","American Athletic",-21,127,NA,NA,110,18.6,NA,NA,NA,NA,NA,NA,NA,NA,130,37.8,NA,NA,NA,NA,NA,NA,NA,NA,NA,-1.9
2023,"Florida International","Conference USA",-21.2,128,NA,NA,120,16,NA,NA,NA,NA,NA,NA,NA,NA,120,35.6,NA,NA,NA,NA,NA,NA,NA,NA,NA,-1.6
2023,"Charlotte","American Athletic",-21.4,129,NA,NA,127,14.8,NA,NA,NA,NA,NA,NA,NA,NA,113,34.4,NA,NA,NA,NA,NA,NA,NA,NA,NA,-1.8
2023,"Akron","Mid-American",-21.6,130,NA,NA,132,10.5,NA,NA,NA,NA,NA,NA,NA,NA,91,30.1,NA,NA,NA,NA,NA,NA,NA,NA,NA,-2
2023,"UL Monroe","Sun Belt",-21.6,130,NA,NA,116,17.6,NA,NA,NA,NA,NA,NA,NA,NA,129,37.5,NA,NA,NA,NA,NA,NA,NA,NA,NA,-1.7
2023,"Nevada","Mountain West",-22,132,NA,NA,128,14.6,NA,NA,NA,NA,NA,NA,NA,NA,127,37,NA,NA,NA,NA,NA,NA,NA,NA,NA,0.4
2023,"Kent State","Mid-American",-26.3,133,NA,NA,133,8.2,NA,NA,NA,NA,NA,NA,NA,NA,119,34.8,NA,NA,NA,NA,NA,NA,NA,NA,NA,0.3
2023,"nationalAverages",NA,-0.0969924812030075,NA,NA,NA,NA,26.3699248120301,NA,NA,NA,NA,NA,NA,NA,NA,NA,26.4721804511278,NA,NA,NA,NA,NA,NA,NA,NA,NA,0.00150375939849624
2024,"Ohio State","Big Ten",31.2,1,NA,NA,3,39.5,NA,NA,NA,NA,NA,NA,NA,NA,1,9.2,NA,NA,NA,NA,NA,NA,NA,NA,NA,0.8
2024,"Ole Miss","SEC",27.9,2,NA,NA,7,37.7,NA,NA,NA,NA,NA,NA,NA,NA,3,11.9,NA,NA,NA,NA,NA,NA,NA,NA,NA,2.1
2024,"Oregon","Big Ten",26,3,NA,NA,2,40.8,NA,NA,NA,NA,NA,NA,NA,NA,14,16.3,NA,NA,NA,NA,NA,NA,NA,NA,NA,1.5
2024,"Alabama","SEC",25,4,NA,NA,6,37.9,NA,NA,NA,NA,NA,NA,NA,NA,8,14.6,NA,NA,NA,NA,NA,NA,NA,NA,NA,1.7
2024,"Penn State","Big Ten",24.6,5,NA,NA,9,37.5,NA,NA,NA,NA,NA,NA,NA,NA,4,13.1,NA,NA,NA,NA,NA,NA,NA,NA,NA,0.2
2024,"Georgia","SEC",24.3,6,NA,NA,10,37.3,NA,NA,NA,NA,NA,NA,NA,NA,9,14.9,NA,NA,NA,NA,NA,NA,NA,NA,NA,1.9
2024,"Texas","SEC",24.1,7,NA,NA,13,36.6,NA,NA,NA,NA,NA,NA,NA,NA,2,10.8,NA,NA,NA,NA,NA,NA,NA,NA,NA,-1.7
2024,"Notre Dame","FBS Independents",23.9,8,NA,NA,4,38.6,NA,NA,NA,NA,NA,NA,NA,NA,7,14.1,NA,NA,NA,NA,NA,NA,NA,NA,NA,-0.6
2024,"Tennessee","SEC",22,9,NA,NA,23,33.7,NA,NA,NA,NA,NA,NA,NA,NA,6,13.5,NA,NA,NA,NA,NA,NA,NA,NA,NA,1.7
2024,"Miami","ACC",21.6,10,NA,NA,1,44.2,NA,NA,NA,NA,NA,NA,NA,NA,51,24.3,NA,NA,NA,NA,NA,NA,NA,NA,NA,1.8
2024,"Indiana","Big Ten",20.1,11,NA,NA,18,35,NA,NA,NA,NA,NA,NA,NA,NA,15,16.4,NA,NA,NA,NA,NA,NA,NA,NA,NA,1.5
2024,"SMU","ACC",17.5,12,NA,NA,5,38.2,NA,NA,NA,NA,NA,NA,NA,NA,30,21.1,NA,NA,NA,NA,NA,NA,NA,NA,NA,0.4
2024,"Texas A&M","SEC",17,13,NA,NA,21,34,NA,NA,NA,NA,NA,NA,NA,NA,19,18.6,NA,NA,NA,NA,NA,NA,NA,NA,NA,1.6
2024,"South Carolina","SEC",16.9,14,NA,NA,35,32.1,NA,NA,NA,NA,NA,NA,NA,NA,13,16,NA,NA,NA,NA,NA,NA,NA,NA,NA,0.8
2024,"LSU","SEC",15.9,15,NA,NA,11,36.8,NA,NA,NA,NA,NA,NA,NA,NA,33,21.7,NA,NA,NA,NA,NA,NA,NA,NA,NA,0.8
2024,"Iowa","Big Ten",15.8,16,NA,NA,69,27,NA,NA,NA,NA,NA,NA,NA,NA,5,13.3,NA,NA,NA,NA,NA,NA,NA,NA,NA,2
2024,"BYU","Big 12",15.3,17,NA,NA,36,32,NA,NA,NA,NA,NA,NA,NA,NA,21,18.8,NA,NA,NA,NA,NA,NA,NA,NA,NA,2
2024,"Kansas State","Big 12",14.1,18,NA,NA,29,33,NA,NA,NA,NA,NA,NA,NA,NA,25,20.4,NA,NA,NA,NA,NA,NA,NA,NA,NA,1.5
2024,"Missouri","SEC",14,19,NA,NA,23,33.7,NA,NA,NA,NA,NA,NA,NA,NA,20,18.7,NA,NA,NA,NA,NA,NA,NA,NA,NA,-1
2024,"Florida","SEC",13.8,20,NA,NA,37,31.7,NA,NA,NA,NA,NA,NA,NA,NA,23,20,NA,NA,NA,NA,NA,NA,NA,NA,NA,2.1
2024,"Louisville","ACC",13.6,21,NA,NA,7,37.7,NA,NA,NA,NA,NA,NA,NA,NA,40,22.9,NA,NA,NA,NA,NA,NA,NA,NA,NA,-1.1
2024,"Clemson","ACC",13.3,22,NA,NA,16,35.4,NA,NA,NA,NA,NA,NA,NA,NA,26,20.9,NA,NA,NA,NA,NA,NA,NA,NA,NA,-1.1
2024,"USC","Big Ten",11.9,23,NA,NA,15,35.6,NA,NA,NA,NA,NA,NA,NA,NA,48,24,NA,NA,NA,NA,NA,NA,NA,NA,NA,0.3
2024,"Arkansas","SEC",11,24,NA,NA,40,31.4,NA,NA,NA,NA,NA,NA,NA,NA,33,21.7,NA,NA,NA,NA,NA,NA,NA,NA,NA,1.3
2024,"TCU","Big 12",10.8,25,NA,NA,19,34.6,NA,NA,NA,NA,NA,NA,NA,NA,38,22.8,NA,NA,NA,NA,NA,NA,NA,NA,NA,-0.9
2024,"Michigan","Big Ten",10.6,26,NA,NA,93,24.1,NA,NA,NA,NA,NA,NA,NA,NA,10,15.1,NA,NA,NA,NA,NA,NA,NA,NA,NA,1.7
2024,"Minnesota","Big Ten",10.4,27,NA,NA,79,25.6,NA,NA,NA,NA,NA,NA,NA,NA,11,15.4,NA,NA,NA,NA,NA,NA,NA,NA,NA,0.2
2024,"Iowa State","Big 12",10.3,28,NA,NA,44,30.8,NA,NA,NA,NA,NA,NA,NA,NA,24,20.2,NA,NA,NA,NA,NA,NA,NA,NA,NA,-0.3
2024,"Boise State","Pac-12",10.1,29,NA,NA,17,35.3,NA,NA,NA,NA,NA,NA,NA,NA,50,24.2,NA,NA,NA,NA,NA,NA,NA,NA,NA,-1
2024,"Virginia Tech","ACC",10,30,NA,NA,41,31.3,NA,NA,NA,NA,NA,NA,NA,NA,36,22.4,NA,NA,NA,NA,NA,NA,NA,NA,NA,1.2
2024,"Illinois","Big Ten",9.6,31,NA,NA,55,29,NA,NA,NA,NA,NA,NA,NA,NA,26,20.9,NA,NA,NA,NA,NA,NA,NA,NA,NA,1.5
2024,"Memphis","American Athletic",9.6,31,NA,NA,12,36.7,NA,NA,NA,NA,NA,NA,NA,NA,80,28.2,NA,NA,NA,NA,NA,NA,NA,NA,NA,1
2024,"Auburn","SEC",9.5,33,NA,NA,63,27.9,NA,NA,NA,NA,NA,NA,NA,NA,17,17.8,NA,NA,NA,NA,NA,NA,NA,NA,NA,-0.6
2024,"Oklahoma","SEC",9.5,33,NA,NA,75,25.9,NA,NA,NA,NA,NA,NA,NA,NA,17,17.8,NA,NA,NA,NA,NA,NA,NA,NA,NA,1.4
2024,"Arizona State","Big 12",9.4,35,NA,NA,32,32.4,NA,NA,NA,NA,NA,NA,NA,NA,26,20.9,NA,NA,NA,NA,NA,NA,NA,NA,NA,-2.1
2024,"UNLV","Mountain West",9.3,36,NA,NA,31,32.6,NA,NA,NA,NA,NA,NA,NA,NA,55,24.6,NA,NA,NA,NA,NA,NA,NA,NA,NA,1.3
2024,"Army","American Athletic",9.2,37,NA,NA,42,31.1,NA,NA,NA,NA,NA,NA,NA,NA,33,21.7,NA,NA,NA,NA,NA,NA,NA,NA,NA,-0.1
2024,"Baylor","Big 12",8.4,38,NA,NA,25,33.5,NA,NA,NA,NA,NA,NA,NA,NA,63,26.2,NA,NA,NA,NA,NA,NA,NA,NA,NA,1.1
2024,"Colorado","Big 12",8.1,39,NA,NA,27,33.3,NA,NA,NA,NA,NA,NA,NA,NA,45,23.5,NA,NA,NA,NA,NA,NA,NA,NA,NA,-1.7
2024,"Utah","Big 12",7.7,40,NA,NA,96,23.6,NA,NA,NA,NA,NA,NA,NA,NA,16,17.2,NA,NA,NA,NA,NA,NA,NA,NA,NA,1.3
2024,"James Madison","Sun Belt",7.5,41,NA,NA,49,29.7,NA,NA,NA,NA,NA,NA,NA,NA,40,22.9,NA,NA,NA,NA,NA,NA,NA,NA,NA,0.7
2024,"Rutgers","Big Ten",6.4,42,NA,NA,58,28.5,NA,NA,NA,NA,NA,NA,NA,NA,38,22.8,NA,NA,NA,NA,NA,NA,NA,NA,NA,0.7
2024,"Tulane","American Athletic",5.7,43,NA,NA,30,32.9,NA,NA,NA,NA,NA,NA,NA,NA,73,27.1,NA,NA,NA,NA,NA,NA,NA,NA,NA,-0.1
2024,"Duke","ACC",5.6,44,NA,NA,71,26.7,NA,NA,NA,NA,NA,NA,NA,NA,31,21.3,NA,NA,NA,NA,NA,NA,NA,NA,NA,0.2
2024,"Kentucky","SEC",5.5,45,NA,NA,88,24.5,NA,NA,NA,NA,NA,NA,NA,NA,26,20.9,NA,NA,NA,NA,NA,NA,NA,NA,NA,2
2024,"Syracuse","ACC",5.5,45,NA,NA,14,35.8,NA,NA,NA,NA,NA,NA,NA,NA,83,28.9,NA,NA,NA,NA,NA,NA,NA,NA,NA,-1.3
2024,"Nebraska","Big Ten",5.5,45,NA,NA,99,23.1,NA,NA,NA,NA,NA,NA,NA,NA,12,15.8,NA,NA,NA,NA,NA,NA,NA,NA,NA,-1.8
2024,"Texas State","Pac-12",5.4,48,NA,NA,20,34.2,NA,NA,NA,NA,NA,NA,NA,NA,82,28.4,NA,NA,NA,NA,NA,NA,NA,NA,NA,-0.4
2024,"North Carolina","ACC",5,49,NA,NA,38,31.5,NA,NA,NA,NA,NA,NA,NA,NA,64,26.3,NA,NA,NA,NA,NA,NA,NA,NA,NA,-0.2
2024,"Vanderbilt","SEC",4.9,50,NA,NA,60,28.2,NA,NA,NA,NA,NA,NA,NA,NA,59,25.4,NA,NA,NA,NA,NA,NA,NA,NA,NA,2
2024,"Pittsburgh","ACC",4.9,50,NA,NA,54,29.3,NA,NA,NA,NA,NA,NA,NA,NA,64,26.3,NA,NA,NA,NA,NA,NA,NA,NA,NA,1.8
2024,"Kansas","Big 12",4.9,50,NA,NA,32,32.4,NA,NA,NA,NA,NA,NA,NA,NA,68,26.5,NA,NA,NA,NA,NA,NA,NA,NA,NA,-1
2024,"Louisiana","Sun Belt",4.8,53,NA,NA,38,31.5,NA,NA,NA,NA,NA,NA,NA,NA,78,27.8,NA,NA,NA,NA,NA,NA,NA,NA,NA,1.1
2024,"Texas Tech","Big 12",4.3,54,NA,NA,25,33.5,NA,NA,NA,NA,NA,NA,NA,NA,95,30.8,NA,NA,NA,NA,NA,NA,NA,NA,NA,1.6
2024,"California","ACC",4,55,NA,NA,65,27.4,NA,NA,NA,NA,NA,NA,NA,NA,40,22.9,NA,NA,NA,NA,NA,NA,NA,NA,NA,-0.5
2024,"NC State","ACC",3.9,56,NA,NA,47,29.9,NA,NA,NA,NA,NA,NA,NA,NA,68,26.5,NA,NA,NA,NA,NA,NA,NA,NA,NA,0.5
2024,"Navy","American Athletic",3.5,57,NA,NA,51,29.5,NA,NA,NA,NA,NA,NA,NA,NA,53,24.4,NA,NA,NA,NA,NA,NA,NA,NA,NA,-1.7
2024,"Marshall","Sun Belt",3.1,58,NA,NA,50,29.6,NA,NA,NA,NA,NA,NA,NA,NA,71,26.9,NA,NA,NA,NA,NA,NA,NA,NA,NA,0.4
2024,"Washington","Big Ten",3.1,58,NA,NA,66,27.3,NA,NA,NA,NA,NA,NA,NA,NA,36,22.4,NA,NA,NA,NA,NA,NA,NA,NA,NA,-1.8
2024,"Wisconsin","Big Ten",3,60,NA,NA,100,23,NA,NA,NA,NA,NA,NA,NA,NA,22,19.8,NA,NA,NA,NA,NA,NA,NA,NA,NA,-0.2
2024,"South Alabama","Sun Belt",2.8,61,NA,NA,47,29.9,NA,NA,NA,NA,NA,NA,NA,NA,71,26.9,NA,NA,NA,NA,NA,NA,NA,NA,NA,-0.2
2024,"UCF","Big 12",2.8,61,NA,NA,55,29,NA,NA,NA,NA,NA,NA,NA,NA,61,25.8,NA,NA,NA,NA,NA,NA,NA,NA,NA,-0.4
2024,"Ohio","Mid-American",2.3,63,NA,NA,67,27.2,NA,NA,NA,NA,NA,NA,NA,NA,47,23.9,NA,NA,NA,NA,NA,NA,NA,NA,NA,-0.9
2024,"UTSA","American Athletic",2.2,64,NA,NA,34,32.3,NA,NA,NA,NA,NA,NA,NA,NA,101,31.5,NA,NA,NA,NA,NA,NA,NA,NA,NA,1.4
2024,"West Virginia","Big 12",2.1,65,NA,NA,46,30.1,NA,NA,NA,NA,NA,NA,NA,NA,87,29.7,NA,NA,NA,NA,NA,NA,NA,NA,NA,1.8
2024,"Georgia Tech","ACC",1.9,66,NA,NA,42,31.1,NA,NA,NA,NA,NA,NA,NA,NA,79,27.9,NA,NA,NA,NA,NA,NA,NA,NA,NA,-1.3
2024,"UConn","FBS Independents",1.5,67,NA,NA,70,26.9,NA,NA,NA,NA,NA,NA,NA,NA,60,25.7,NA,NA,NA,NA,NA,NA,NA,NA,NA,0.3
2024,"Miami (OH)","Mid-American",1.3,68,NA,NA,98,23.2,NA,NA,NA,NA,NA,NA,NA,NA,43,23.2,NA,NA,NA,NA,NA,NA,NA,NA,NA,1.3
2024,"Washington State","Pac-12",1.3,68,NA,NA,21,34,NA,NA,NA,NA,NA,NA,NA,NA,97,31.1,NA,NA,NA,NA,NA,NA,NA,NA,NA,-1.5
2024,"Boston College","ACC",1.2,70,NA,NA,62,28,NA,NA,NA,NA,NA,NA,NA,NA,56,24.7,NA,NA,NA,NA,NA,NA,NA,NA,NA,-2.1
2024,"Liberty","Conference USA",0.2,71,NA,NA,60,28.2,NA,NA,NA,NA,NA,NA,NA,NA,70,26.6,NA,NA,NA,NA,NA,NA,NA,NA,NA,-1.5
2024,"Cincinnati","Big 12",-0.1,72,NA,NA,79,25.6,NA,NA,NA,NA,NA,NA,NA,NA,57,25,NA,NA,NA,NA,NA,NA,NA,NA,NA,-0.7
2024,"East Carolina","American Athletic",-1,73,NA,NA,58,28.5,NA,NA,NA,NA,NA,NA,NA,NA,87,29.7,NA,NA,NA,NA,NA,NA,NA,NA,NA,0.2
2024,"Jacksonville State","Conference USA",-1,73,NA,NA,57,28.8,NA,NA,NA,NA,NA,NA,NA,NA,81,28.3,NA,NA,NA,NA,NA,NA,NA,NA,NA,-1.5
2024,"UCLA","Big Ten",-1.3,75,NA,NA,103,21.3,NA,NA,NA,NA,NA,NA,NA,NA,44,23.3,NA,NA,NA,NA,NA,NA,NA,NA,NA,0.7
2024,"Georgia Southern","Sun Belt",-1.7,76,NA,NA,72,26.5,NA,NA,NA,NA,NA,NA,NA,NA,90,30.1,NA,NA,NA,NA,NA,NA,NA,NA,NA,1.9
2024,"Bowling Green","Mid-American",-1.8,77,NA,NA,79,25.6,NA,NA,NA,NA,NA,NA,NA,NA,75,27.2,NA,NA,NA,NA,NA,NA,NA,NA,NA,-0.2
2024,"Western Kentucky","Conference USA",-2.2,78,NA,NA,101,22.1,NA,NA,NA,NA,NA,NA,NA,NA,62,26.1,NA,NA,NA,NA,NA,NA,NA,NA,NA,1.8
2024,"South Florida","American Athletic",-2.3,79,NA,NA,51,29.5,NA,NA,NA,NA,NA,NA,NA,NA,108,33.4,NA,NA,NA,NA,NA,NA,NA,NA,NA,1.6
2024,"Toledo","Mid-American",-2.5,80,NA,NA,88,24.5,NA,NA,NA,NA,NA,NA,NA,NA,64,26.3,NA,NA,NA,NA,NA,NA,NA,NA,NA,-0.7
2024,"Oklahoma State","Big 12",-2.6,81,NA,NA,53,29.4,NA,NA,NA,NA,NA,NA,NA,NA,102,31.7,NA,NA,NA,NA,NA,NA,NA,NA,NA,-0.4
2024,"Arizona","Big 12",-2.8,82,NA,NA,90,24.4,NA,NA,NA,NA,NA,NA,NA,NA,84,29,NA,NA,NA,NA,NA,NA,NA,NA,NA,1.8
2024,"Florida State","ACC",-3.2,83,NA,NA,114,20.1,NA,NA,NA,NA,NA,NA,NA,NA,58,25.3,NA,NA,NA,NA,NA,NA,NA,NA,NA,2
2024,"Northern Illinois","Mountain West",-3.5,84,NA,NA,115,20,NA,NA,NA,NA,NA,NA,NA,NA,32,21.6,NA,NA,NA,NA,NA,NA,NA,NA,NA,-1.9
2024,"Fresno State","Pac-12",-3.8,85,NA,NA,85,25.1,NA,NA,NA,NA,NA,NA,NA,NA,77,27.6,NA,NA,NA,NA,NA,NA,NA,NA,NA,-1.4
2024,"Maryland","Big Ten",-3.9,86,NA,NA,97,23.3,NA,NA,NA,NA,NA,NA,NA,NA,73,27.1,NA,NA,NA,NA,NA,NA,NA,NA,NA,-0.1
2024,"Buffalo","Mid-American",-4,87,NA,NA,84,25.4,NA,NA,NA,NA,NA,NA,NA,NA,93,30.2,NA,NA,NA,NA,NA,NA,NA,NA,NA,0.8
2024,"Mississippi State","SEC",-4.1,88,NA,NA,82,25.5,NA,NA,NA,NA,NA,NA,NA,NA,98,31.2,NA,NA,NA,NA,NA,NA,NA,NA,NA,1.5
2024,"North Texas","American Athletic",-4.5,89,NA,NA,27,33.3,NA,NA,NA,NA,NA,NA,NA,NA,121,37,NA,NA,NA,NA,NA,NA,NA,NA,NA,-0.8
2024,"Michigan State","Big Ten",-4.6,90,NA,NA,119,18,NA,NA,NA,NA,NA,NA,NA,NA,49,24.1,NA,NA,NA,NA,NA,NA,NA,NA,NA,1.4
2024,"Virginia","ACC",-5.1,91,NA,NA,95,23.7,NA,NA,NA,NA,NA,NA,NA,NA,86,29.3,NA,NA,NA,NA,NA,NA,NA,NA,NA,0.5
2024,"San José State","Mountain West",-5.5,92,NA,NA,73,26.1,NA,NA,NA,NA,NA,NA,NA,NA,90,30.1,NA,NA,NA,NA,NA,NA,NA,NA,NA,-1.5
2024,"Wake Forest","ACC",-5.7,93,NA,NA,77,25.8,NA,NA,NA,NA,NA,NA,NA,NA,103,31.8,NA,NA,NA,NA,NA,NA,NA,NA,NA,0.3
2024,"Colorado State","Pac-12",-5.7,93,NA,NA,92,24.2,NA,NA,NA,NA,NA,NA,NA,NA,85,29.2,NA,NA,NA,NA,NA,NA,NA,NA,NA,-0.8
2024,"Old Dominion","Sun Belt",-6,95,NA,NA,78,25.7,NA,NA,NA,NA,NA,NA,NA,NA,99,31.3,NA,NA,NA,NA,NA,NA,NA,NA,NA,-0.4
2024,"Troy","Sun Belt",-6.6,96,NA,NA,93,24.1,NA,NA,NA,NA,NA,NA,NA,NA,90,30.1,NA,NA,NA,NA,NA,NA,NA,NA,NA,-0.6
2024,"Oregon State","Pac-12",-6.7,97,NA,NA,73,26.1,NA,NA,NA,NA,NA,NA,NA,NA,107,32.7,NA,NA,NA,NA,NA,NA,NA,NA,NA,0
2024,"Coastal Carolina","Sun Belt",-6.9,98,NA,NA,82,25.5,NA,NA,NA,NA,NA,NA,NA,NA,108,33.4,NA,NA,NA,NA,NA,NA,NA,NA,NA,1
2024,"Sam Houston","Conference USA",-6.9,98,NA,NA,117,19,NA,NA,NA,NA,NA,NA,NA,NA,46,23.8,NA,NA,NA,NA,NA,NA,NA,NA,NA,-2.1
2024,"App State","Sun Belt",-8.1,100,NA,NA,67,27.2,NA,NA,NA,NA,NA,NA,NA,NA,110,33.6,NA,NA,NA,NA,NA,NA,NA,NA,NA,-1.6
2024,"Houston","Big 12",-8.2,101,NA,NA,118,18.1,NA,NA,NA,NA,NA,NA,NA,NA,54,24.5,NA,NA,NA,NA,NA,NA,NA,NA,NA,-1.8
2024,"Stanford","ACC",-8.2,101,NA,NA,90,24.4,NA,NA,NA,NA,NA,NA,NA,NA,112,34.1,NA,NA,NA,NA,NA,NA,NA,NA,NA,1.5
2024,"Northwestern","Big Ten",-8.2,101,NA,NA,124,17.5,NA,NA,NA,NA,NA,NA,NA,NA,51,24.3,NA,NA,NA,NA,NA,NA,NA,NA,NA,-1.4
2024,"Arkansas State","Sun Belt",-9.9,104,NA,NA,87,24.6,NA,NA,NA,NA,NA,NA,NA,NA,119,35.2,NA,NA,NA,NA,NA,NA,NA,NA,NA,0.7
2024,"Western Michigan","Mid-American",-10.2,105,NA,NA,86,24.7,NA,NA,NA,NA,NA,NA,NA,NA,120,36,NA,NA,NA,NA,NA,NA,NA,NA,NA,1.1
2024,"Utah State","Pac-12",-10.4,106,NA,NA,45,30.2,NA,NA,NA,NA,NA,NA,NA,NA,129,40.3,NA,NA,NA,NA,NA,NA,NA,NA,NA,-0.3
2024,"Hawai'i","Mountain West",-10.9,107,NA,NA,108,20.9,NA,NA,NA,NA,NA,NA,NA,NA,89,30,NA,NA,NA,NA,NA,NA,NA,NA,NA,-1.8
2024,"UAB","American Athletic",-11.3,108,NA,NA,75,25.9,NA,NA,NA,NA,NA,NA,NA,NA,126,38,NA,NA,NA,NA,NA,NA,NA,NA,NA,0.9
2024,"Rice","American Athletic",-11.4,109,NA,NA,110,20.5,NA,NA,NA,NA,NA,NA,NA,NA,94,30.4,NA,NA,NA,NA,NA,NA,NA,NA,NA,-1.4
2024,"Louisiana Tech","Conference USA",-11.6,110,NA,NA,128,15.9,NA,NA,NA,NA,NA,NA,NA,NA,64,26.3,NA,NA,NA,NA,NA,NA,NA,NA,NA,-1.2
2024,"Air Force","Mountain West",-11.7,111,NA,NA,120,17.8,NA,NA,NA,NA,NA,NA,NA,NA,76,27.5,NA,NA,NA,NA,NA,NA,NA,NA,NA,-2
2024,"Florida International","Conference USA",-12.1,112,NA,NA,110,20.5,NA,NA,NA,NA,NA,NA,NA,NA,99,31.3,NA,NA,NA,NA,NA,NA,NA,NA,NA,-1.2
2024,"Florida Atlantic","American Athletic",-12.7,113,NA,NA,109,20.8,NA,NA,NA,NA,NA,NA,NA,NA,104,32.1,NA,NA,NA,NA,NA,NA,NA,NA,NA,-1.5
2024,"Eastern Michigan","Mid-American",-13.3,114,NA,NA,110,20.5,NA,NA,NA,NA,NA,NA,NA,NA,115,34.3,NA,NA,NA,NA,NA,NA,NA,NA,NA,0.5
2024,"Wyoming","Mountain West",-13.6,115,NA,NA,127,16.3,NA,NA,NA,NA,NA,NA,NA,NA,95,30.8,NA,NA,NA,NA,NA,NA,NA,NA,NA,0.9
2024,"New Mexico","Mountain West",-14.8,116,NA,NA,64,27.6,NA,NA,NA,NA,NA,NA,NA,NA,132,40.5,NA,NA,NA,NA,NA,NA,NA,NA,NA,-1.9
2024,"Nevada","Mountain West",-15.2,117,NA,NA,106,21,NA,NA,NA,NA,NA,NA,NA,NA,113,34.2,NA,NA,NA,NA,NA,NA,NA,NA,NA,-2
2024,"Charlotte","American Athletic",-15.3,118,NA,NA,102,21.4,NA,NA,NA,NA,NA,NA,NA,NA,124,37.6,NA,NA,NA,NA,NA,NA,NA,NA,NA,0.9
2024,"San Diego State","Pac-12",-15.4,119,NA,NA,122,17.7,NA,NA,NA,NA,NA,NA,NA,NA,104,32.1,NA,NA,NA,NA,NA,NA,NA,NA,NA,-0.9
2024,"Central Michigan","Mid-American",-15.8,120,NA,NA,122,17.7,NA,NA,NA,NA,NA,NA,NA,NA,115,34.3,NA,NA,NA,NA,NA,NA,NA,NA,NA,0.9
2024,"Purdue","Big Ten",-16.2,121,NA,NA,116,19.2,NA,NA,NA,NA,NA,NA,NA,NA,110,33.6,NA,NA,NA,NA,NA,NA,NA,NA,NA,-1.8
2024,"UL Monroe","Sun Belt",-16.7,122,NA,NA,126,16.9,NA,NA,NA,NA,NA,NA,NA,NA,106,32.5,NA,NA,NA,NA,NA,NA,NA,NA,NA,-1
2024,"Georgia State","Sun Belt",-17.9,123,NA,NA,106,21,NA,NA,NA,NA,NA,NA,NA,NA,123,37.4,NA,NA,NA,NA,NA,NA,NA,NA,NA,-1.5
2024,"Akron","Mid-American",-17.9,123,NA,NA,129,15.7,NA,NA,NA,NA,NA,NA,NA,NA,117,34.6,NA,NA,NA,NA,NA,NA,NA,NA,NA,1
2024,"New Mexico State","Conference USA",-19,125,NA,NA,120,17.8,NA,NA,NA,NA,NA,NA,NA,NA,127,38.1,NA,NA,NA,NA,NA,NA,NA,NA,NA,1.3
2024,"Ball State","Mid-American",-19.8,126,NA,NA,103,21.3,NA,NA,NA,NA,NA,NA,NA,NA,133,40.8,NA,NA,NA,NA,NA,NA,NA,NA,NA,-0.3
2024,"Temple","American Athletic",-20.3,127,NA,NA,125,17.3,NA,NA,NA,NA,NA,NA,NA,NA,125,37.8,NA,NA,NA,NA,NA,NA,NA,NA,NA,0.3
2024,"Tulsa","American Athletic",-20.6,128,NA,NA,105,21.2,NA,NA,NA,NA,NA,NA,NA,NA,129,40.3,NA,NA,NA,NA,NA,NA,NA,NA,NA,-1.6
2024,"Massachusetts","Mid-American",-21.9,129,NA,NA,110,20.5,NA,NA,NA,NA,NA,NA,NA,NA,129,40.3,NA,NA,NA,NA,NA,NA,NA,NA,NA,-2.1
2024,"UTEP","Mountain West",-22.7,130,NA,NA,131,13.7,NA,NA,NA,NA,NA,NA,NA,NA,113,34.2,NA,NA,NA,NA,NA,NA,NA,NA,NA,-2.1
2024,"Middle Tennessee","Conference USA",-24.4,131,NA,NA,131,13.7,NA,NA,NA,NA,NA,NA,NA,NA,122,37.3,NA,NA,NA,NA,NA,NA,NA,NA,NA,-0.8
2024,"Kennesaw State","Conference USA",-25.1,132,NA,NA,134,10.2,NA,NA,NA,NA,NA,NA,NA,NA,118,35.1,NA,NA,NA,NA,NA,NA,NA,NA,NA,-0.3
2024,"Southern Miss","Sun Belt",-25.6,133,NA,NA,130,14.4,NA,NA,NA,NA,NA,NA,NA,NA,128,39.4,NA,NA,NA,NA,NA,NA,NA,NA,NA,-0.6
2024,"Kent State","Mid-American",-33,134,NA,NA,133,12.6,NA,NA,NA,NA,NA,NA,NA,NA,134,43.8,NA,NA,NA,NA,NA,NA,NA,NA,NA,-1.9
2024,"nationalAverages",NA,0.552238805970149,NA,NA,NA,NA,27.1440298507463,NA,NA,NA,NA,NA,NA,NA,NA,NA,26.6097014925373,NA,NA,NA,NA,NA,NA,NA,NA,NA,0.0208955223880597
